district_id,key,name_ar,name_en,lat,lon,region,hospitals,parks,gyms,pharmacies,metro_stations,supermarkets,shopping_centers,banks,fuel_stations,schools,schools_primary,schools_middle,schools_secondary,moj_median_price_m2,moj_deals,aqar_listings,aqar_median_price,aqar_median_price_apartment,aqar_median_price_villa,aqar_median_price_floor
1,احد,أحد,OHOD,24.48991739,46.630176506666665,جنوب,0,0,0,0,0,0,0,0,3,7,2,3,1,3054.0,5,2,915000.0,,915000.0,
2,اشبيليه,إشبيلية,ISHBILIYAH,24.7916316,46.7840652,شرق,0,0,11,25,1,6,0,0,7,21,9,5,2,3780.0,8,2,1775000.0,750000.0,2800000.0,
3,الازدهار,الإزدهار,AL-EZDIHAR,24.7750460999999,46.7157409,وسط,0,1,9,7,0,3,6,0,2,18,6,6,4,7538.0,2,5,1799000.0,1399000.0,3750000.0,1799000.0
4,الاسكان,الإسكان,AL-ISKAN,24.5684375,46.8393999,جنوب,0,1,2,4,0,0,0,0,1,22,7,5,6,,0,0,,,,
5,الامانه,الامانة,,,,,0,0,0,0,0,0,0,0,0,0,0,0,0,1454.0,3,0,,,,
6,الاندلس,الأندلس,AL-ANDALUS,24.7441702,46.785677,شرق,0,0,0,11,0,4,1,0,8,40,13,13,10,6826.0,3,0,,,,
7,البديعه,البديعة,AL-BADEAH,24.62021905,46.686192899999995,غرب,1,0,2,12,1,2,0,0,6,20,6,6,5,2717.0,11,1,2000000.0,,2000000.0,
8,البيان,البيان,Al Bayan,24.86094644999995,46.849935650000006,شرق,0,0,0,20,0,2,0,0,4,4,2,1,0,2250.0,16,8,1375000.0,,1700000.0,975000.0
9,التعاون,التعاون,AT-TAAWUN,24.7728489,46.696893450000005,وسط,0,1,10,13,0,2,1,4,4,6,1,2,2,4425.0,4,1,1499000.0,,,1499000.0
10,الجراديه,الجرادية,AL-JARRADIYAH,24.6179392,46.6958151,غرب,0,0,1,5,1,0,0,0,1,9,5,2,1,3119.0,9,1,5500000.0,,,
11,الجزيره,الجزيرة,AL-JAZEERAH,24.67971156503735,46.7918648,جنوب,0,0,2,6,1,1,0,0,5,15,6,2,2,3771.0,4,0,,,,
12,الجنادريه,الجنادرية,AL-JANADRIYAH,24.80720285,46.86623779999995,شرق,0,0,2,12,0,4,0,0,13,20,12,2,2,2757.0,55,20,1075000.0,1025000.0,1600000.0,750000.0
13,الحائر,الحائر,AL-HAIER,24.405250528,46.83801843,,0,0,0,0,0,2,0,0,3,9,4,2,2,700.0,14,2,619950.0,,600000.0,
14,الحزم,الحزم,AL-HAZM,24.5433324,46.6524168,غرب,0,0,2,23,0,4,0,0,8,29,15,8,3,2940.0,15,17,680000.0,530000.0,1600000.0,730000.0
15,الحمراء,الحمراء,AL-HAMRA,24.7754205,46.7566859,شرق,2,0,7,16,0,5,0,0,8,15,8,4,0,3021.0,1,4,1135000.0,900000.0,,
16,الخالديه,الخالدية,AL-KHALIDIAH,24.6239375,46.751906,وسط,0,0,3,10,0,1,0,0,7,47,24,14,4,2850.0,9,3,654000.0,,,649500.0
17,الخالديه - الدرعيه,الخالدية - الدرعية,,24.75139925,46.56631055,الدرعية,0,0,1,3,0,0,0,0,0,4,3,0,1,,0,0,,,,
18,الخزامي,الخزامى,,24.71304895,46.61107015,غرب,1,0,1,2,0,0,0,0,0,10,6,2,0,,0,0,,,,
19,الخليج,الخليج,AL-KHALEEJ,24.7771289,46.8049,شرق,1,0,18,52,4,4,0,0,26,22,8,7,5,3128.0,2,7,1249000.0,950000.0,2200000.0,1174500.0
20,الخير,الخير,,,,شمال,0,0,0,0,0,0,0,0,0,0,0,0,0,1385.0,71,9,1000000.0,,2750000.0,
21,الدار البيضاء,الدار البيضاء,AD-DAR AL- BAIDA,24.564170750000002,46.786194949999995,جنوب,1,0,4,46,1,11,0,0,21,23,17,4,1,2339.0,13,37,420000.0,420000.0,1075000.0,550000.0
22,الدريهميه,الدريهمية,AD-DURAIHEMIYAH,24.5870781,46.691917,غرب,0,1,4,4,0,0,0,0,3,22,14,2,1,3998.0,2,0,,,,
23,الدفاع,الدفاع,AD-DIFAA,24.575577,46.827678,جنوب,0,0,2,1,0,0,0,0,1,13,4,4,5,,0,0,,,,
24,الدوبيه,الدوبية,,24.6219934,46.7108237,وسط,0,0,0,5,0,0,0,0,0,2,1,1,0,806.0,1,0,,,,
25,الديره,الديرة,AD-DIRAH,24.6364198,46.709799700000005,وسط,0,0,0,12,2,2,0,0,0,15,9,2,0,5804.0,29,0,,,,
26,الرائد,الرائد,AR-RAED,24.7122715,46.6322975,وسط,0,0,0,5,2,2,0,0,2,21,8,6,3,22043.0,1,0,,,,
27,الرابيه,الرابية,,,,,0,0,0,0,0,0,0,0,0,0,0,0,0,604.0,1,0,,,,
28,الربوه,الربوة,AR-RABWAH,24.69203924999995,46.764997449999996,وسط,1,4,11,32,0,1,1,0,11,35,16,8,3,7276.0,9,3,1350000.0,1100000.0,,1400000.0
29,الربيع,الربيع,AR-RABI,24.794661,46.6552788999999,شمال,1,1,21,14,0,4,24,2,5,16,5,6,4,,0,3,4200000.0,1200000.0,5100000.0,
30,الرحمانيه,الرحمانية,AR-RAHMANIYAH,24.7145354,46.6609186,وسط,1,0,8,9,1,0,1,0,1,10,5,2,2,,0,1,7680000.0,,7680000.0,
31,الرفيعه,الرفيعة,AR-RAFEAH,24.6455824,46.6502223,وسط,0,0,3,0,0,0,0,0,4,3,1,2,0,5692.0,1,0,,,,
32,الرمال,الرمال,AR-RIMAL,24.851432449999947,46.820664050000005,شرق,0,0,18,62,0,16,0,0,23,16,7,6,2,3625.0,93,88,1097882.0,790000.0,1725000.0,1050000.0
33,الرمايه,الرماية,,24.7549512,46.862136,شرق,4,1,2,4,0,0,0,0,0,6,1,1,3,,0,0,,,,
34,الروابي,الروابي,AR-RAWABI,24.692806400000002,46.78821314999995,شرق,3,0,6,21,0,8,0,0,10,14,6,2,4,6001.0,9,2,1402500.0,1205000.0,,1600000.0
35,الروضه,الروضة,AR-RAWDAH,24.7345334,46.767130799999904,شرق,0,3,11,32,0,5,0,0,15,41,16,9,9,4142.0,3,11,1119000.0,1079000.0,4500000.0,
36,الروقيه (سمحان) - الدرعيه,الروقية (سمحان) - الدرعية,,24.7387948,46.573269,,0,1,0,0,0,0,0,0,0,1,0,0,1,,0,0,,,,
37,الريان,الريان,AR-RAYAN,24.7100503,46.77558165,شرق,0,1,5,20,0,3,0,0,7,24,12,9,0,6175.0,2,4,1725000.0,,3500000.0,1650000.0
38,الزاهر,الزاهر,,,,,0,0,0,0,0,0,0,0,0,0,0,0,0,,0,4,825000.0,,,
39,الزهراء,الزهراء,AZ-ZAHRAA,24.6816941,46.7279497,وسط,1,0,3,3,0,0,0,3,1,7,2,2,0,3382.0,2,0,,,,
40,الزهره,الزهرة,AZ-ZAHRA,24.5769594,46.64605084999995,غرب,1,0,1,20,0,1,0,0,11,15,10,5,0,4627.0,5,25,560000.0,550000.0,,860000.0
41,السحاب,السحاب,,,,,0,0,0,0,0,0,0,0,0,0,0,0,0,1635.0,2,1,660000.0,,,
42,السدره,سدرة,,,,شمال,0,0,0,0,0,0,0,0,0,0,0,0,0,,0,2,2150000.0,,2150000.0,
43,السعاده,السعادة,AS-SAADAH,24.693754,46.8422848,جنوب,3,0,10,24,2,4,0,0,17,24,11,6,3,4318.0,8,16,850000.0,730000.0,2100000.0,962500.0
44,السفارات,السفارات,AS-SAFARAT,24.6784459,46.62596514999995,غرب,0,2,7,1,0,0,0,0,1,2,0,1,1,,0,0,,,,
45,السلام,السلام,AS-SALAM,24.7037112,46.8084184,شرق,1,2,2,15,1,2,0,0,13,39,20,9,2,4800.0,2,0,,,,
46,السلمانيه - الدرعيه,السلمانية - الدرعية,,24.7845093999999,46.56244,الدرعية,1,0,1,1,0,0,0,0,0,8,2,2,3,,0,0,,,,
47,السلي,السلي,AS-SULAI,24.666324449999998,46.845069949999996,جنوب,0,0,6,18,0,2,0,0,20,44,17,10,9,1400.0,13,0,,,,
48,السليمانيه,السليمانية,AS-SULAIMANYAH,24.7068285,46.7026903999999,وسط,7,0,9,24,3,10,0,2,4,14,7,2,0,5833.0,6,2,6769750.0,,6000000.0,
49,السويدي,السويدي,AS-SUWAIDI,24.5946327,46.6689386,غرب,1,1,3,18,0,7,2,0,12,38,19,9,3,2400.0,10,19,580000.0,580000.0,1300000.0,680000.0
50,السويدي الغربي,السويدي الغربي,AS-SUWAIDI AL-GHARBI,24.5756571,46.62062135,غرب,0,1,2,28,1,1,0,0,9,16,7,4,3,,0,1,950000.0,,,950000.0
51,الشرفيه,الشرفية,ASH-SHARAFIYAH,24.65382314999995,46.67066824999995,وسط,0,0,0,6,0,1,0,0,2,13,8,3,1,4354.0,2,0,,,,
52,الشعله,الشعلة,,,,,0,0,0,0,0,0,0,0,0,0,0,0,0,,0,1,412500.0,,,
53,الشفا,الشفا,ASH-SHIFA,24.5635226,46.699056,جنوب,0,0,8,27,0,4,0,0,13,44,22,11,5,,0,4,715000.0,,715000.0,730000.0
54,الشفاء,الشفاء,,,,,0,0,0,0,0,0,0,0,0,0,0,0,0,2666.0,11,0,,,,
55,الشميسي,الشميسي,ASH-SHOMAISI,24.6238125999999,46.697364,وسط,0,0,2,13,0,2,0,0,5,10,5,3,1,3958.0,29,0,,,,
56,الشهداء,الشهداء,ASH-SHOHDA,24.78742005,46.74003525,شرق,1,1,8,15,1,2,1,0,2,14,3,3,3,,0,5,1017000.0,1017000.0,4200000.0,
57,الصالحيه,الصالحية,AS-SALHIYAH,24.63399685,46.7331041,وسط,0,0,0,5,1,1,0,0,1,8,4,2,1,1092.0,6,0,,,,
58,الصحافه,الصحافة,AS-SAHAFA,24.8021996,46.640880449999955,شمال,1,0,21,23,1,5,23,5,8,16,7,6,2,9840.0,6,7,3400000.0,,3400000.0,
59,الصفا,الصفاء,AS-SAFA,24.67347582965997,46.76890109708711,وسط,0,0,1,2,1,1,0,0,0,8,3,2,1,6554.0,17,2,12499500.0,,12499500.0,
60,الصناعيه,الصناعية,AS-SINAIYAH,24.647207722690197,46.74036808511464,,0,0,0,0,2,0,0,4,2,5,2,1,2,2334.0,3,0,,,,
61,الضباط,الضباط,AD-DOBBAT,24.67948465,46.72046445,وسط,1,1,2,5,3,1,1,4,4,2,0,0,0,6000.0,5,1,3700000.0,,,
62,الطويلعه,الطويلعة,,,,,0,0,0,0,0,0,0,0,0,0,0,0,0,1964.0,2,0,,,,
63,العارض,العارض,AL-ARID,24.8711473,46.6205529,شمال,1,0,6,27,1,7,0,0,19,14,7,3,1,5904.0,12,67,1540000.0,1140000.0,3200000.0,1465000.0
64,العاصمه - الدرعيه,العاصمه - الدرعية,AL-ASEMAH-AD DIRIYAH,24.75224685,46.57346294999995,الدرعية,0,0,0,6,0,1,0,0,1,10,4,5,1,,0,0,,,,
65,العريجاء,العريجاء,AL-URAIJA,24.6268329999999,46.6640291,غرب,0,0,0,3,0,0,0,0,1,13,7,3,2,2156.0,16,1,1000000.0,,1000000.0,
66,العريجاء الاوسط,العريجاء الأوسط,MIDDLE AL-URAIJA,24.6112125999999,46.6341666999999,غرب,1,1,1,16,0,5,1,0,17,40,16,9,4,,0,3,1500000.0,,1500000.0,
67,العريجاء الغربي,العريجاء الغربي,WEST AL-ORAIJA,24.5939504,46.60352365,غرب,2,0,5,37,0,8,0,0,24,99,38,28,19,,0,1,615000.0,615000.0,,
68,العزيزيه,العزيزية,AL-AZIZIYAH,24.5838683,46.768037,جنوب,1,0,10,82,2,9,0,0,39,53,25,13,10,2900.0,12,20,780000.0,690000.0,1100000.0,780000.0
69,العقيق,العقيق,AL-AQEEK,24.78022915,46.627455,شمال,0,0,14,21,3,7,13,9,9,20,7,6,3,10987.0,3,4,2850000.0,1250000.0,4650000.0,2200000.0
70,العلا,العلا,Al Ola,25.01971122,47.17919052,,0,0,0,0,0,0,0,0,1,0,0,0,0,522.0,1,1,500760.0,,,
71,العليا,العليا,AL-OLAYA,24.69828865,46.68278099999995,وسط,4,3,15,59,5,8,4,3,8,21,8,5,4,12103.0,18,9,2425150.0,2700000.0,6600000.0,1800000.0
72,العمل,العمل,AL-AMAL,24.6447865,46.7182985,وسط,0,2,5,10,0,5,3,0,1,6,4,2,0,9094.0,7,1,1400000.0,,,
73,العوالي,العوالي,AL-Awaly,24.5585737,46.6084208,غرب,0,0,5,18,0,6,1,0,12,17,8,3,4,,0,19,710000.0,685000.0,,915000.0
74,العود,العود,AL-AOUD,24.6291891,46.7292701,وسط,1,1,1,10,2,2,0,0,4,6,5,1,0,2955.0,15,1,540000.0,,540000.0,
75,العويمريه,العويمريه,,,,,0,0,0,0,0,0,0,0,0,0,0,0,0,,0,0,,,,
76,الغدير,الغدير,AL-GHADEER,24.7745003,46.65758285,شمال,0,0,0,12,0,2,3,5,2,11,3,4,1,,0,0,,,,
77,الغروب,الغروب,,,,,0,0,0,0,0,0,0,0,0,0,0,0,0,,0,0,,,,
78,الغناميه,الغنامية,AL-GHANAMIYAH,24.479534986666664,46.80438855333333,جنوب,0,0,0,0,0,2,0,0,1,3,1,2,0,674.0,8,2,432000.0,,720000.0,
79,الفاخريه,الفاخرية,AL-FAKHIRIYAH,24.63913764,46.681953565,,0,0,0,0,0,0,0,0,2,21,4,2,4,2283.0,1,0,,,,
80,الفاروق,الفاروق,AL-FARUQ,24.6494371999999,46.7779582,وسط,0,0,0,5,0,2,0,0,2,15,7,3,1,4810.0,2,1,1700000.0,,1700000.0,
81,الفرسان,الفرسان,Al Fursan,25.00256539,47.20537115,,0,0,0,0,0,0,0,0,1,0,0,0,0,400.0,2,0,,,,
82,الفلاح,الفلاح,AL-FALAH,24.7953396,46.7026869,شمال,1,1,2,9,0,1,0,0,4,7,5,1,0,,0,0,,,,
83,الفوطه,الفوطة,AL-FUTAH,24.6406954,46.7162212,وسط,0,2,3,10,2,3,1,1,1,1,0,0,1,,0,0,,,,
84,الفيحاء,الفيحاء,AL-FAIHA,24.6788094,46.8053781,جنوب,0,2,2,26,1,2,0,0,11,23,10,5,5,5652.0,1,4,2200000.0,1380000.0,2600000.0,
85,الفيصليه,الفيصلية,AL-FAISALIYAH,24.63318,46.7788307999999,وسط,0,0,0,3,0,0,0,0,7,6,3,2,0,1036.0,5,0,,,,
86,الفيصليه - الدرعيه,الفيصلية - الدرعية,AL-FAISALIYAH-AD DIRIYAH,24.7486442,46.579021,الدرعية,0,1,2,12,0,0,0,0,2,15,7,5,2,,0,0,,,,
87,القادسيه,القادسية,AL-QADISIYAH,24.81748025,46.8131782,شرق,0,0,3,19,0,2,0,0,7,18,8,5,3,4705.0,7,66,965000.0,793500.0,1825000.0,1150000.0
88,القدس,القدس,AL-QUDS,24.7567329,46.756521849999956,شرق,0,0,5,20,1,3,0,0,9,24,10,5,4,8005.0,1,0,,,,
89,القري,القرى,,24.628553673257976,46.71608932851014,,0,0,0,0,2,0,0,0,0,5,0,5,0,,0,0,,,,
90,القيروان,القيروان,AL-QAIRAWAN,24.82962195,46.59171609999995,شمال,2,0,15,9,0,1,2,0,5,1,0,0,1,3848.0,2,7,4800000.0,,4750000.0,
91,المؤتمرات,المؤتمرات,AL-MUTAMARAT,24.6724104,46.6903077,وسط,1,0,1,1,0,1,1,0,0,15,3,6,3,,0,0,,,,
92,المحمديه,المحمدية,AL-MUHAMMADIYAH,24.73662025,46.6489607,وسط,1,0,4,9,0,0,0,0,3,19,5,6,3,25230.0,1,0,,,,
93,المدينه الصناعيه الجديده,المدينة الصناعية الجديدة,NEW INDUSTRIAL CITY,24.5597292,46.864954,جنوب,0,0,1,6,0,2,0,0,3,0,0,0,0,,0,0,,,,
94,المربع,المربع,AL-MURABA,24.6656697,46.7067538,وسط,0,1,4,22,4,5,1,0,10,7,4,1,2,4000.0,3,0,,,,
95,المرجان,المرجان,,,,,0,0,0,0,0,0,0,0,0,0,0,0,0,3007.0,14,0,,,,
96,المرسلات,المرسلات,AL-MURSALAT,24.7463087,46.6899191,شمال,1,0,2,4,0,1,1,1,5,6,2,1,2,8163.0,4,1,9000000.0,,,
97,المرقب,المرقب,AL-MARGAB,24.6382323,46.722985,وسط,0,0,0,9,0,1,0,0,1,7,5,1,0,2348.0,9,1,280000.0,,,280000.0
98,المروج,المروج,AL-MUROOJ,24.75663275,46.66161974999995,وسط,1,1,5,14,1,4,1,8,6,11,5,3,2,6471.0,2,1,1519000.0,1519000.0,,
99,المروه,المروة,AL-MARWAH,24.539956,46.670348,جنوب,0,0,6,7,0,2,0,0,8,18,8,4,3,1400.0,3,2,360000.0,360000.0,,
100,المشاعل,المشاعل,AL-MASHAEL,24.61363999999995,46.85716455,جنوب,0,0,0,6,0,0,0,0,4,0,0,0,0,2922.0,2,0,,,,
101,المشرق,المشرق,Al Mashriq,25.00681234,47.025496055000005,,0,0,0,0,0,0,0,0,2,0,0,0,0,656.0,1,1,1900000.0,,,
102,المصانع,المصانع,AL-MASANI,24.5674302,46.74404135,جنوب,0,0,3,13,0,0,0,0,14,10,7,1,1,778.0,1,0,,,,
103,المصفاه,المصفاة,AL-MISFAH,24.494673766,46.93833054,جنوب,0,0,0,0,0,0,0,0,5,1,0,1,0,893.0,9,2,1729950.0,,,
104,المصيف,المصيف,AL-MASEEF,24.7630192,46.683102,وسط,0,0,2,17,0,3,1,3,7,16,9,2,2,11297.0,4,1,1100000.0,1100000.0,,
105,المعذر,المعذر,AL-MATHAR,24.6685469,46.67764435,وسط,2,1,4,5,0,2,0,0,1,7,2,2,2,11915.0,7,1,1500000.0,,,
106,المعذر الشمالي,المعذر الشمالي,NORTH AL-MATHAR,24.68271564999995,46.672415099999995,وسط,0,0,5,11,0,2,2,0,0,8,4,2,0,,0,0,,,,
107,المعيزيله,المعيزلية,AL-MAIZALIYAH,24.7935964,46.8470436,شرق,0,0,0,4,1,1,0,0,2,15,8,3,1,5833.0,9,8,1160000.0,720000.0,2650000.0,1160000.0
108,المغرزات,المغرزات,MUGHARAZAT,24.762293,46.7229049,وسط,1,1,5,6,0,1,3,0,3,1,1,0,0,10591.0,1,6,1399000.0,1394000.0,17500000.0,
109,الملز,الملز,AL-MALAZ,24.6629185,46.7349765,وسط,0,3,8,25,1,8,1,7,17,17,3,5,7,3800.0,5,2,4250000.0,,4250000.0,
110,الملقا,الملقا,AL-MALQA,24.80261275,46.60356014999995,شمال,1,0,23,26,0,7,15,2,10,12,4,4,2,7398.0,9,20,3800000.0,1350000.0,6475000.0,
111,الملقاه - الدرعيه,الملقاه - الدرعية,,24.82022535,46.5425206,الدرعية,0,0,2,0,0,0,0,0,0,0,0,0,0,,0,0,,,,
112,الملك عبدالعزيز,الملك عبدالعزيز,KING ABDUL AZIZ,24.71012021892626,46.72344975,وسط,0,1,1,1,1,1,2,0,2,0,0,0,0,3956.0,1,0,,,,
113,الملك عبدالله,الملك عبدالله,,24.73993565,46.7419517,وسط,1,0,6,2,1,0,0,0,0,4,1,0,2,,0,2,9000000.0,,9000000.0,
114,الملك فهد,الملك فهد,KING FAHD,24.7425792,46.6728525,وسط,0,0,4,17,2,2,6,0,6,24,12,5,3,6000.0,1,1,4800000.0,,4800000.0,
115,الملك فيصل,الملك فيصل,KING FAISAL,24.761591,46.7774617,شرق,0,0,7,10,0,3,2,0,10,44,19,10,6,5211.0,2,7,1079000.0,1039000.0,3000000.0,
116,المناخ,المناخ,AL-MANAKH,24.6172196,46.7979020999999,جنوب,0,1,2,4,0,1,0,0,4,3,1,2,0,1000.0,7,0,,,,
117,المنار,المنار,AL-MANAR,24.7248293,46.7935056,شرق,2,0,5,5,0,0,0,0,10,22,7,5,5,5673.0,6,0,,,,
118,المنصوره (خنشليله),المنصورة (خنشليلة),AL-MANSURAH ( KHANSHALILAH ),24.6068932,46.7464,وسط,1,1,7,19,1,5,0,0,11,15,4,4,4,3609.0,4,0,,,,
119,المنصوريه,المنصورية,,24.5415105,46.7961251,جنوب,0,0,0,3,0,0,0,0,0,8,3,2,2,,0,1,6000000.0,,,
120,المهديه,المهدية,AL-MAHDIYAH,24.6704935,46.5546157,غرب,0,0,1,2,0,1,0,0,1,1,0,0,1,5687.0,33,41,2200000.0,850000.0,2400000.0,
121,المونسيه,المونسية,AL-MUANISIYAH,24.824429,46.7727462,شرق,1,1,13,30,0,12,0,0,18,34,15,9,4,5155.0,8,43,1500000.0,1250000.0,2800000.0,1450000.0
122,الناصريه,الناصرية,AN-NASIRIYAH,24.6538589,46.677363299999996,وسط,0,1,1,2,0,1,0,0,1,2,0,1,1,7054.0,1,0,,,,
123,النخبه,النخبة,,,,,0,0,0,0,0,0,0,0,0,0,0,0,0,278.0,6,0,,,,
124,النخيل,النخيل,AL-NAKHEEL,24.7441695,46.63962,وسط,1,3,7,8,0,2,0,0,4,28,14,6,3,10792.0,1,2,1497500.0,1497500.0,,
125,الندوه,الندوة,AL- NADWAH,24.79516074999995,46.86964975,شرق,1,0,3,10,0,3,0,0,8,15,6,5,3,3204.0,3,0,,,,
126,الندي,الندى,AN-NADA,24.805599,46.685736199999994,شمال,0,0,6,4,0,1,15,1,2,9,2,4,2,8416.0,1,1,3000000.0,,3000000.0,
127,النرجس,النرجس,AN-NARJIS,24.8422621,46.6662084,شمال,1,4,12,22,0,8,0,1,11,15,8,2,1,8333.0,25,64,2825000.0,1129000.0,3800000.0,1750000.0
128,النزهه,النزهة,AL-NUZHA,24.7569024,46.707278,وسط,1,1,3,10,0,5,0,6,4,20,10,3,3,9531.0,3,2,3475000.0,,3475000.0,
129,النسيم,النسيم,,,,,0,0,0,0,0,0,0,0,0,0,0,0,0,2250.0,13,0,,,,
130,النسيم الشرقي,النسيم الشرقي,EAST AN-NASEEM,24.7395569,46.8408398,شرق,2,0,9,41,1,9,0,0,29,60,26,14,9,,0,4,1021000.0,680000.0,1500000.0,920000.0
131,النسيم الغربي,النسيم الغربي,WEST AN-NASEEM,24.72699845,46.82538794999995,شرق,1,1,19,51,2,15,0,0,36,77,38,16,10,,0,2,865000.0,650000.0,,
132,النظيم,النظيم,AN-NADHEEM,24.809294350000002,46.87720984999995,شرق,0,0,0,2,0,7,0,0,15,52,24,11,10,1550.0,44,3,1600000.0,,1600000.0,
133,النفل,النفل,AN-NAFEL,24.7849375,46.6770625,شمال,0,1,9,9,2,8,8,2,5,5,2,1,1,8790.0,1,1,2100000.0,,2100000.0,
134,النموذجيه,النموذجية,AN-NAMUTHAJIYAH,24.65883795,46.70031185,وسط,1,0,1,2,0,0,0,0,1,16,6,5,4,4100.0,1,0,,,,
135,النهضه,النهضة,AN-NAHDAH,24.7587911,46.8154428,شرق,2,0,7,46,1,8,0,0,21,42,19,8,9,4873.0,8,2,2982000.0,,2982000.0,
136,النور,النور,AN-NOOR,24.615715,46.8273605,جنوب,0,0,0,1,0,0,0,0,8,0,0,0,0,,0,0,,,,
137,الهدا,الهدا,AL-HADA,24.6645389,46.618122,وسط,0,1,2,2,0,1,0,0,0,5,3,0,0,,0,0,,,,
138,الواحه,الواحة,AL-WAHAH,24.745126749999997,46.72325035,وسط,0,1,6,4,1,1,0,1,1,1,0,1,0,,0,0,,,,
139,الوادي,الوادي,AL-WADI,24.7881414,46.69106575,شمال,0,0,6,16,2,4,7,4,4,9,4,3,2,,0,3,1350000.0,1150000.0,5000000.0,
140,الورود,الورود,AL-WOROUD,24.72172740595173,46.6752957,وسط,0,2,11,27,5,2,3,5,2,18,4,4,6,13065.0,3,3,4500000.0,,4500000.0,
141,الوزارات,الوزارات,AL-WIZARAT,24.6741673,46.7115836,وسط,0,0,3,14,0,2,0,2,2,18,3,7,7,14212.0,5,0,,,,
142,الوسام,الوسام,,,,,0,0,0,0,0,0,0,0,0,0,0,0,0,3449.0,5,2,630000.0,,,
143,الوسيطا,الوسيطا,AL-WESITA,24.62212775,46.71737175,وسط,0,0,1,3,0,0,0,0,1,18,9,4,5,,0,0,,,,
144,الوشام,الوشام,AL-WISHAM,24.6398714,46.699793,وسط,1,0,3,7,0,1,0,0,1,13,4,4,5,4047.0,1,0,,,,
145,الياسمين,الياسمين,AL-YASMEEN,24.821862099999997,46.64629655,شمال,2,0,27,29,0,13,7,5,9,23,9,7,3,6122.0,17,23,4000000.0,1325000.0,4200000.0,2400000.0
146,اليرموك,اليرموك,AL-YARMUK,24.808475,46.7841849,شرق,0,1,12,42,0,11,2,0,18,14,6,5,2,2830.0,3,21,2350000.0,870000.0,3400000.0,1100000.0
147,اليمامه,اليمامة,AL-YAMAMAH,24.6018977,46.7133022,وسط,0,1,1,19,0,1,0,0,2,10,3,5,2,2750.0,15,0,,,,
148,ام الحمام,ام الحمام,,,,,0,0,0,0,0,0,0,0,0,0,0,0,0,5183.0,6,0,,,,
149,ام الحمام الشرقي,أم الحمام الشرقي,EAST UMM AL-HAMAM,24.6896746,46.6509416,وسط,0,0,0,5,0,0,0,0,2,8,3,2,2,,0,0,,,,
150,ام الحمام الغربي,أم الحمام الغربي,WEST UMM AL HAMAM,24.689179099999997,46.645510049999956,وسط,1,0,0,17,0,4,0,0,8,9,5,2,1,4081.0,3,0,,,,
151,ام سليم,ام سليم,UMM-SALEEM,24.6320303,46.6966724,وسط,0,0,0,3,0,4,0,0,3,17,8,6,2,2105.0,17,0,,,,
152,بدر,بدر,BADER,24.5433615,46.7122643999999,جنوب,0,0,9,42,0,13,0,0,21,55,25,16,9,2343.0,34,126,645000.0,450000.0,1150000.0,760000.0
153,بنبان,بنبان,BINBAN,24.99504459624055,46.5636837570361,,1,1,0,0,0,0,0,0,3,0,0,0,0,,0,1,4500000.0,,,
154,ثليم,ثليم,THULAIM,24.6400809,46.72026595,وسط,0,0,0,14,0,1,0,0,2,0,0,0,0,1135.0,3,0,,,,
155,جامعه الامام محمد بن سعود الاسلاميه,جامعة الإمام محمد بن سعود الإسلامية,,24.80723540035193,46.70959638581176,شمال,0,0,1,0,2,0,0,0,0,4,1,1,1,,0,0,,,,
156,جامعه الملك سعود,جامعة الملك سعود,KING SAUD UNIVERSITY,24.7204855,46.6261488999999,وسط,4,0,12,4,1,1,0,0,0,3,1,0,1,,0,0,,,,
157,جبره,جبره,JABRAH,24.6250418,46.72101788739987,وسط,0,0,0,2,1,1,0,0,3,0,0,0,0,3660.0,4,0,,,,
158,جرير,جرير,JAREER,24.67580555,46.74923795,وسط,0,5,0,7,0,3,0,1,5,22,13,5,2,3750.0,1,2,7500000.0,,,
159,حطين,حطين,HITTEEN,24.768393099999997,46.609251650000004,شمال,0,0,11,7,0,4,9,1,5,19,8,4,2,8667.0,5,8,2000000.0,1850000.0,15000000.0,
160,حله العماج,حلة العماج,,,,,0,0,0,0,0,0,0,0,0,0,0,0,0,,0,0,,,,
161,حله بن دايل,حلة بن دايل,,,,,0,0,0,0,0,0,0,0,0,0,0,0,0,2799.0,3,0,,,,
162,خشم العان,خشم العان,KHASHM AL ANN,24.7439478,46.8734379,شرق,1,0,2,0,0,0,0,0,2,7,2,2,2,,0,0,,,,
163,دعكنه,دعكنة,,,,,0,0,0,0,0,0,0,0,0,0,0,0,0,2309.0,1,0,,,,
164,ديراب,ديراب,DIRAB,24.502850600000002,46.6319142,غرب,0,0,0,4,0,5,0,0,3,18,9,5,2,1870.0,43,2,910000.0,,900000.0,920000.0
165,سكيرينه,سكيرينة,SKIRINAH,24.6194361,46.7182808,وسط,0,0,0,5,0,0,0,0,1,5,2,2,0,2284.0,4,0,,,,
166,سلام,سلام,,24.62120205,46.709497249999956,وسط,0,1,0,1,0,0,0,0,0,4,4,0,0,,0,0,,,,
167,سلطانه,سلطانة,SULTANAH,24.60114135,46.69092624999995,غرب,0,0,0,8,0,2,0,0,5,23,8,7,4,3296.0,2,1,1800000.0,,,
168,شبرا,شبرا,SHUBRA,24.5756493,46.6656,غرب,0,0,5,22,0,7,0,0,6,15,4,5,4,3877.0,7,89,860000.0,,,860000.0
169,صلاح الدين,صلاح الدين,SALAH AD DEEN,24.733908550000002,46.69227754999995,وسط,0,1,2,8,3,3,0,1,2,16,5,5,3,,0,0,,,,
170,صياح,صياح,SIYAH,24.6037577,46.7033669999999,وسط,0,0,1,2,0,0,0,0,1,6,3,1,2,2949.0,1,0,,,,
171,ضاحيه نمار,ضاحية نمار,DAHIAT NAMAR,24.479939811666668,46.55901640833333,غرب,0,0,0,0,0,1,0,0,5,0,0,0,0,,0,4,759998.0,679997.0,,840000.0
172,طويق,طويق,TWAEEQ,24.57703785,46.553875000000005,غرب,0,1,11,97,3,28,0,0,55,81,38,17,14,3097.0,28,41,655159.0,530000.0,1450000.0,800000.0
173,طيبه,طيبة,TAYBAH,24.56312095,46.84173414999995,جنوب,1,0,0,3,0,0,0,0,2,6,2,2,0,2000.0,1,11,660000.0,,1035000.0,660000.0
174,ظهره البديعه,ظهرة البديعة,DAHRAT AL-BADEAH,24.5974099,46.64539,غرب,0,1,7,17,2,5,0,0,10,16,8,3,2,,0,0,,,,
175,ظهره العوده شرق - الدرعيه,ظهرة العودة شرق - الدرعية,DAHRAT-AL-ODAH-SHARQ-AD DIRIYAH,24.7506479,46.537611,الدرعية,0,0,1,4,0,1,0,0,2,9,5,1,1,,0,0,,,,
176,ظهره لبن,ظهرة لبن,DAHRAT LABAN,24.6362828,46.5572163,غرب,0,3,24,60,0,17,0,0,43,26,15,5,4,,0,31,800000.0,660000.0,2000000.0,
177,عتيقه,عتيقة,UTAYQAH,24.599802,46.7104006,وسط,0,0,0,11,0,5,0,0,6,20,7,5,6,3167.0,14,0,,,,
178,عرقه,عرقة,IRQAH,24.687829899999997,46.586380849999955,غرب,1,0,5,10,0,4,0,0,1,20,8,5,1,4914.0,6,2,3460000.0,1420000.0,5500000.0,
179,عريض,عريض,,,,جنوب,0,0,0,0,0,0,0,0,0,0,0,0,0,840.0,73,5,600000.0,,,
180,عكاظ,عكاظ,OKAZ,24.5246626,46.6631642999999,جنوب,1,0,3,11,0,1,0,0,7,10,4,3,1,2894.0,17,22,610000.0,540000.0,2600000.0,630000.0
181,عليشه,عليشة,OLAISHAH,24.6296604,46.690462749999995,وسط,3,0,2,11,0,2,0,0,2,8,5,2,1,8174.0,3,1,900000.0,,900000.0,
182,غبيرا,غبيراء,GHUBAIRA,24.61920355,46.73164164999995,وسط,0,1,1,5,1,2,0,0,6,29,10,8,5,2857.0,25,1,5000000.0,,,
183,غرناطه,غرناطة,GHIRNATAH,24.800667,46.7481775,شرق,0,0,2,5,0,0,0,0,6,22,7,9,6,5107.0,3,1,5500000.0,,,
184,غير محدد,غير محدد,,24.9387312,46.84141495,شرق,1,1,21,3,0,0,0,0,0,1,1,0,0,,0,0,,,,
185,قرطبه,قرطبة,QURTUBAH,24.8110632,46.7383385,شرق,0,3,12,38,0,9,0,0,6,4,2,1,1,7129.0,6,20,1900000.0,1015000.0,3500000.0,1850000.0
186,لبن,لبن,LABAN,24.63269275,46.6105659,غرب,0,0,5,9,0,1,0,0,4,11,5,2,2,3274.0,25,1,750000.0,750000.0,,
187,محله سهله جنوب,محلة سهله جنوب,,,,,0,0,0,0,0,0,0,0,0,0,0,0,0,951.0,1,0,,,,
188,مطار الملك خالد الدولي,مطار الملك خالد الدولى,KING KHALID INT.AIRPORT,24.858443049999998,46.7213788,شمال,1,3,10,7,5,0,0,0,2,9,3,2,3,2354.0,45,3,4000000.0,,4000000.0,
189,معكال,معكال,MEEKAL,24.6197868,46.7158125,وسط,0,0,0,1,0,0,0,0,1,5,3,2,0,,0,0,,,,
190,منفوحه,منفوحة,MANFUHA,24.604656,46.7257199,وسط,0,0,2,16,1,1,0,0,7,22,14,5,3,2929.0,58,2,965000.0,,230000.0,
191,منفوحه الجديده,منفوحة الجديدة,MANFUHA AL-JADEEDAH,24.6124638,46.719668049999996,وسط,0,0,0,20,0,2,0,0,2,6,3,1,2,,0,0,,,,
192,نمار,نمار,NAMAR,24.5730216,46.6873244,غرب,1,1,4,7,0,1,0,0,6,16,6,6,2,1200.0,81,6,722500.0,570000.0,1500000.0,695000.0
193,هيت,هيت,HEET,24.44367137,47.00045309,,0,0,0,0,0,0,0,0,1,11,4,4,1,,0,0,,,,
