property_id,district_id,property_type,bedrooms,bathrooms,area_m2,price
A877409248,152.0,دور,6.0,5.0,214,730000
W448904463,114.0,فيلا,5.0,6.0,440,4800000
M187516680,139.0,فيلا,11.0,6.0,445,5000000
H808583263,121.0,دور,6.0,5.0,185,1200000
T501925005,152.0,فيلا,6.0,6.0,300,980000
G622333075,19.0,دور,6.0,5.0,500,1249000
L472435811,37.0,دور,5.0,4.0,523,1650000
G066192381,28.0,دور,4.0,3.0,3098,1350000
B566435343,168.0,دور,3.0,3.0,500,800000
S442527647,109.0,فيلا,5.0,5.0,500,3500000
W111682250,20.0,أرض سكنية,,,390,9200000
T586702253,10.0,عمارة سكنية,11.0,11.0,1200,5500000
T771872957,176.0,شقة,3.0,3.0,893,590000
I151063802,73.0,دور,3.0,3.0,900,850000
L680464272,121.0,دور,4.0,6.0,540,1450000
D254189383,173.0,دور,3.0,3.0,202,660000
J275107714,65.0,فيلا,3.0,4.0,312,1000000
N377810082,13.0,أرض سكنية,,,711,639900
C003958908,131.0,أرض سكنية,,,360,1080000
X155815562,12.0,أرض سكنية,,,418,752400
N468384345,70.0,أرض سكنية,,,936,500760
A311606968,179.0,أرض سكنية,,,900,1100700
F740062252,78.0,أرض سكنية,,,160,144000
W237753130,97.0,دور,8.0,2.0,103,280000
H976566219,90.0,أرض سكنية,,,600,7200000
Z373191240,168.0,دور,3.0,3.0,500,800000
O899275444,146.0,فيلا,5.0,9.0,450,3800000
M430464573,176.0,شقة,4.0,4.0,118,630000
W092745745,29.0,فيلا,8.0,7.0,580,6000000
D089444658,28.0,دور,4.0,4.0,3098,1450000
E273062078,28.0,شقة,4.0,3.0,3098,1100000
A724019977,152.0,دور,4.0,4.0,214,760000
A689471085,152.0,شقة,3.0,3.0,131,430000
L866650018,21.0,شقة,3.0,3.0,131,420000
D266817233,63.0,شقة,3.0,3.0,125,880000
Y307883251,121.0,دور,3.0,5.0,540,1300000
X341668579,29.0,فيلا,5.0,6.0,440,4200000
Y094318912,172.0,شقة,3.0,3.0,114,470000
A258985150,176.0,فيلا,6.0,3.0,450,2350000
B089101864,168.0,دور,4.0,3.0,500,860000
X403241518,168.0,دور,3.0,4.0,500,860000
S001619488,120.0,فيلا,5.0,3.0,359,2400000
I403364540,32.0,دور,3.0,3.0,191,1000000
B506920439,127.0,دور,4.0,3.0,390,1750000
N608778655,127.0,شقة,4.0,3.0,144,1160000
V461137668,72.0,أرض سكنية,,,410,1400000
W549549320,176.0,فيلا,9.0,7.0,450,2800000
L644597154,49.0,دور,4.0,4.0,174,680000
P594943733,49.0,عمارة,,,174,600000
E987144297,63.0,أرض سكنية,,,432,3024000
H817259233,152.0,شقة,3.0,3.0,168,450000
R761289942,40.0,شقة,3.0,3.0,128,550000
H683029149,168.0,دور,3.0,3.0,500,800000
U008630173,63.0,أرض سكنية,,,450,2700000
B603367921,127.0,شقة,3.0,3.0,113,950000
T346946457,120.0,فيلا,5.0,4.0,400,3500000
G206552822,8.0,أرض سكنية,,,3002,5703800
G151960281,32.0,شقة,3.0,3.0,146,900000
T500719185,12.0,شقة,3.0,5.0,600,1100000
W680818240,180.0,شقة,3.0,3.0,163,530000
B081401018,127.0,فيلا,8.0,5.0,450,5400000
D821946759,,أرض سكنية,,,375,780000
E019389809,63.0,أرض سكنية,,,523,3138000
Z104757533,12.0,فيلا,5.0,4.0,200,1300000
T374576068,145.0,فيلا,7.0,5.0,300,4000000
I514829571,63.0,شقة,3.0,3.0,3150,1365000
N703783545,12.0,فيلا,5.0,3.0,289,1470000
M205981905,110.0,شقة,3.0,2.0,150,1300000
Z990195871,32.0,أرض سكنية,,,319,1095765
E434840747,32.0,دور,3.0,1.0,187,1100000
A121741709,152.0,دور,3.0,3.0,175,620000
J999964920,12.0,فيلا,3.0,2.0,440,1400000
O493406065,32.0,استراحة,3.0,3.0,341,6000000
Y631740910,159.0,شقة,3.0,3.0,182,1900000
J138392492,127.0,فيلا,5.0,4.0,360,3500000
F693399218,49.0,شقة,3.0,3.0,124,580000
K483405986,43.0,شقة,4.0,3.0,132,680000
Y539987170,43.0,فيلا,9.0,5.0,379,2000000
M376580061,32.0,شقة,3.0,2.0,140,600000
K600054376,63.0,شقة,4.0,5.0,216,1373000
L351269020,152.0,دور,3.0,3.0,193,540000
N062087818,32.0,دور,3.0,4.0,140,949000
D104698284,152.0,شقة,4.0,3.0,177,450000
S904625500,168.0,دور,3.0,3.0,500,950000
X564268706,40.0,شقة,5.0,3.0,128,550000
N958226528,168.0,دور,4.0,3.0,500,860000
U934146095,168.0,دور,4.0,4.0,500,860000
O424839322,63.0,دور,4.0,4.0,214,1430000
E940246066,168.0,دور,4.0,3.0,500,860000
E739553712,172.0,شقة,5.0,4.0,171,650000
T077412920,115.0,عمارة سكنية,3.0,4.0,750,1299000
Z255908560,172.0,شقة,3.0,2.0,175,663400
G383274413,110.0,أرض سكنية,,,480,5900000
M023797587,20.0,أرض سكنية,,,800,2050000
Q980046426,110.0,أرض سكنية,,,480,5850000
R135067827,110.0,شقة,4.0,3.0,147,1300000
Q542824172,145.0,فيلا,5.0,5.0,364,4400000
U076772864,145.0,فيلا,5.0,5.0,360,4100000
Q239655379,145.0,فيلا,3.0,5.0,250,3400000
N349421005,145.0,فيلا,3.0,5.0,250,3300000
K259497666,43.0,شقة,3.0,3.0,136,680000
K341463441,61.0,عمارة,,,312,3700000
Q849167239,159.0,فيلا,9.0,6.0,490,15000000
D554727661,152.0,دور,4.0,4.0,214,760000
Z952751472,168.0,دور,3.0,3.0,500,800000
C013290657,152.0,دور,3.0,3.0,214,760000
K018925967,152.0,دور,4.0,4.0,214,760000
C744104276,21.0,شقة,3.0,3.0,131,420000
U958414783,127.0,شقة,4.0,3.0,190,1250000
G806519368,63.0,شقة,3.0,4.0,1155,1200000
X627474393,168.0,دور,3.0,3.0,500,860000
A906369951,63.0,شقة,3.0,3.0,3150,1240000
E562543978,63.0,شقة,3.0,3.0,3150,1235000
W524274354,159.0,شقة,4.0,4.0,163,2100000
T947839059,40.0,دور,4.0,3.0,625,700000
U845525076,49.0,شقة,3.0,3.0,153,650000
P978826675,63.0,دور,3.0,4.0,362,1800000
Y761170177,145.0,فيلا,4.0,5.0,400,5600000
A763958248,37.0,دور,3.0,5.0,211,1800000
T608796423,58.0,فيلا,5.0,6.0,990,11000000
G861017665,115.0,شقة,3.0,3.0,146,1019000
Q645049391,127.0,شقة,2.0,2.0,144,1160000
I885190007,140.0,عمارة سكنية,11.0,10.0,336,5300000
I797471380,180.0,دور,3.0,3.0,143,610000
W778427702,121.0,دور,3.0,4.0,540,1450000
E979715550,110.0,شقة,4.0,4.0,143,1300000
Q672444822,120.0,فيلا,4.0,5.0,400,2150000
G258592692,120.0,شقة,3.0,3.0,161,975000
F588884204,176.0,شقة,4.0,3.0,125,650000
O178654932,152.0,شقة,4.0,3.0,900,550000
M225406323,139.0,شقة,4.0,3.0,137,1350000
V760234914,120.0,شقة,4.0,4.0,478,900000
C195758869,49.0,شقة,3.0,3.0,138,550000
F454234640,14.0,شقة,3.0,3.0,152,530000
D174760725,43.0,عمارة سكنية,4.0,3.0,137,680000
S943604970,40.0,شقة,3.0,3.0,158,560000
N564940755,37.0,فيلا,3.0,3.0,245,3500000
N870116651,185.0,شقة,3.0,3.0,360,65000
E422920763,71.0,شقة,0.0,1.0,93,1500000
V626679123,21.0,فيلا,8.0,5.0,375,1250000
X835130619,19.0,دور,3.0,3.0,194,1100000
G269500648,63.0,فيلا,4.0,4.0,425,3485000
C265882765,178.0,شقة,3.0,3.0,140,1420000
M829436455,168.0,دور,3.0,3.0,500,860000
V178171560,159.0,شقة,3.0,3.0,141,1850000
L536271756,87.0,شقة,3.0,4.0,124,765000
G744104276,21.0,شقة,3.0,3.0,131,420000
V634968378,32.0,دور,5.0,4.0,196,1080000
Q386219271,53.0,دور,2.0,2.0,193,769999
P766932871,110.0,شقة,3.0,3.0,126,950000
W073902625,180.0,شقة,3.0,3.0,130,460000
N942053353,7.0,فيلا,6.0,4.0,500,2000000
K978389469,32.0,شقة,3.0,3.0,140,620000
Z312254849,43.0,شقة,3.0,3.0,132,680000
C369197703,176.0,شقة,3.0,3.0,123,630000
C829436455,168.0,دور,3.0,3.0,500,860000
B885072826,68.0,دور,7.0,3.0,227,780000
X565851689,168.0,دور,3.0,3.0,500,800000
U557985808,152.0,دور,4.0,4.0,214,760000
A952751472,168.0,دور,3.0,3.0,500,800000
Q892210637,71.0,شقة,3.0,2.0,93,6500000
B878460946,168.0,دور,8.0,6.0,250,860000
E526674161,121.0,فيلا,3.0,4.0,360,1680000
F822756369,15.0,أرض سكنية,,,1611,8860500
D345542154,29.0,شقة,3.0,3.0,140,1200000
X917525072,69.0,فيلا,5.0,1.0,615,5800000
C449034362,152.0,دور,5.0,3.0,187,630000
E837692382,87.0,دور,4.0,5.0,199,900000
O412344465,87.0,دور,4.0,5.0,222,1150000
A450630225,14.0,شقة,5.0,3.0,124,550000
A444901493,185.0,شقة,3.0,3.0,135,1000000
W452425177,121.0,شقة,4.0,3.0,9100,705536
W156497679,21.0,شقة,3.0,3.0,131,400000
W851799459,121.0,شقة,3.0,3.0,154,1200000
W704836619,12.0,دور,6.0,2.0,300,1160000
H472565860,152.0,دور,4.0,4.0,214,760000
E693399218,49.0,شقة,3.0,3.0,124,580000
S270709243,152.0,شقة,3.0,3.0,149,430000
V859261897,152.0,شقة,3.0,3.0,170,450000
S899256299,40.0,دور,3.0,3.0,500,860000
O715245325,120.0,شقة,3.0,3.0,136,790000
R850549264,152.0,شقة,3.0,3.0,177,450000
D666336316,48.0,فيلا,5.0,8.0,382,6000000
U848614168,179.0,أرض سكنية,,,400,600000
H689471085,152.0,شقة,3.0,3.0,131,430000
S819538263,63.0,شقة,3.0,3.0,140,950000
F788880448,35.0,شقة,3.0,3.0,132,999000
G402209423,32.0,فيلا,5.0,4.0,319,1150000
S882591894,35.0,شقة,3.0,3.0,146,1079000
T839834296,173.0,فيلا,8.0,5.0,278,970000
P876087626,168.0,دور,4.0,3.0,250,860000
A940246066,168.0,دور,4.0,3.0,500,860000
L890011961,21.0,دور,3.0,3.0,145,550000
J028136760,127.0,فيلا,10.0,5.0,268,2800000
X970177610,127.0,فيلا,9.0,7.0,600,6300000
Q124606927,87.0,شقة,3.0,4.0,159,790000
A308173109,87.0,شقة,4.0,3.0,140,905000
Y437201426,12.0,دور,5.0,4.0,205,750000
Z584436597,87.0,دور,4.0,5.0,305,1450000
E616539307,87.0,شقة,4.0,3.0,140,770000
L598121154,168.0,دور,3.0,3.0,500,860000
K554727661,152.0,دور,4.0,4.0,214,760000
F339327109,21.0,شقة,3.0,3.0,131,420000
Y812356931,63.0,دور,3.0,3.0,155,1300000
B218814020,63.0,دور,3.0,3.0,550,1250000
Q544486555,185.0,دور,3.0,4.0,155,1650000
K021886637,127.0,عمارة سكنية,11.0,,900,12500000
N790841066,40.0,شقة,3.0,3.0,157,585000
W292605016,127.0,فيلا,3.0,3.0,300,1800000
R127010331,145.0,فيلا,5.0,5.0,275,4200000
E444987673,168.0,دور,3.0,4.0,500,860000
H764010377,168.0,دور,3.0,3.0,250,950000
P813494093,127.0,شقة,3.0,3.0,157,1139000
X492348743,152.0,دور,5.0,3.0,199,650000
K975489499,152.0,فيلا,5.0,5.0,562,1800000
S697226943,21.0,فيلا,5.0,3.0,151,620000
F893121520,127.0,شقة,3.0,3.0,147,1079000
Q180780624,87.0,شقة,4.0,3.0,140,905000
S450036339,152.0,شقة,3.0,4.0,173,450000
B752754860,110.0,فيلا,4.0,7.0,303,5880000
L048647177,172.0,فيلا,9.0,6.0,312,1600000
L075155414,153.0,استراحة,3.0,1.0,450,4500000
O525625941,120.0,فيلا,7.0,6.0,449,3500000
K648420020,107.0,فيلا,5.0,7.0,595,3000000
D673704645,63.0,فيلا,4.0,5.0,432,3800000
V024212599,14.0,دور,4.0,3.0,195,966000
M744512289,152.0,فيلا,5.0,4.0,360,1150000
M787452868,14.0,شقة,4.0,3.0,245,800915
V872010771,180.0,شقة,3.0,5.0,163,530000
D596221626,63.0,فيلا,5.0,5.0,580,15000000
A036763011,16.0,عمارة سكنية,5.0,5.0,170,1230000
V207564433,152.0,عمارة سكنية,,,900,520000
R033797270,74.0,فيلا,7.0,5.0,131,540000
U817780540,127.0,فيلا,8.0,7.0,300,3800000
E712374039,180.0,دور,3.0,3.0,184,630000
X686586861,172.0,فيلا,8.0,6.0,200,1200000
O096664982,40.0,شقة,4.0,3.0,250,550000
E824489022,120.0,فيلا,4.0,5.0,370,2200000
J853464113,110.0,شقة,3.0,3.0,157,1540000
Y613069109,127.0,فيلا,5.0,8.0,280,2600000
H980234855,35.0,فيلا,7.0,5.0,238,3500000
P544501935,176.0,أرض سكنية,,,375,1200000
Z364227129,12.0,فيلا,6.0,6.0,359,1800000
I201441787,32.0,فيلا,6.0,5.0,616,5000000
U541688274,120.0,فيلا,7.0,7.0,360,4000000
R909930328,152.0,دور,4.0,6.0,266,600000
M530358577,127.0,فيلا,7.0,7.0,600,7000000
K947512316,73.0,شقة,5.0,3.0,194,730000
R290227775,180.0,شقة,4.0,4.0,206,730000
L066807224,68.0,دور,6.0,4.0,227,780000
T640666456,190.0,فيلا,5.0,3.0,91,230000
A539461929,168.0,دور,3.0,4.0,500,860000
W664367006,180.0,شقة,3.0,3.0,163,540000
K928562978,168.0,دور,4.0,5.0,500,860000
X011560087,180.0,شقة,3.0,5.0,163,530000
N546158860,152.0,دور,4.0,4.0,300,760000
N420932691,152.0,دور,3.0,3.0,214,760000
Y661799468,14.0,فيلا,3.0,4.0,300,1440000
Q426993727,49.0,شقة,4.0,4.0,124,580000
V840089178,152.0,دور,4.0,4.0,214,760000
B414172549,176.0,أرض سكنية,,,750,2000000
X990398517,63.0,فيلا,4.0,3.0,323,2800000
G665595468,35.0,فيلا,4.0,5.0,3960,2799000
T668552259,63.0,فيلا,5.0,3.0,504,4500000
V401348601,127.0,فيلا,8.0,4.0,250,3150000
D894006154,168.0,دور,4.0,3.0,500,860000
Z425384313,172.0,شقة,4.0,4.0,258,900000
S013898338,152.0,فيلا,4.0,4.0,375,1200000
W758051952,63.0,دور,3.0,3.0,550,1500000
Z913066298,186.0,شقة,3.0,3.0,182,750000
U293474326,59.0,فيلا,4.0,8.0,240,22800000
X928110485,63.0,شقة,3.0,3.0,120,1300000
Z992564272,152.0,دور,3.0,3.0,214,760000
N227283547,40.0,شقة,3.0,3.0,128,550000
N939565560,132.0,فيلا,6.0,4.0,250,1200000
R322741564,145.0,فيلا,3.0,5.0,250,2900000
R356186338,90.0,أرض سكنية,,,450,4860000
Z498314412,,أرض سكنية,,,756,1420524
P029003937,14.0,شقة,3.0,3.0,152,530000
D145802374,171.0,أرض سكنية,,,792,1700000
K064469209,185.0,شقة,6.0,3.0,138,1000000
Q684327464,176.0,شقة,3.0,3.0,893,590000
B405626919,38.0,أرض سكنية,,,900,749700
U983403593,63.0,شقة,3.0,4.0,189,1250000
W291282205,152.0,شقة,3.0,3.0,132,430000
Y022450653,146.0,أرض سكنية,,,853,3500000
V038403949,20.0,فيلا,5.0,5.0,800,3500000
K395176046,71.0,دور,4.0,4.0,126,1560000
G808313478,168.0,دور,3.0,3.0,500,860000
V185821518,168.0,دور,3.0,3.0,500,860000
I399666533,146.0,شقة,3.0,3.0,1530,850000
J266872780,121.0,دور,3.0,3.0,131,1300000
R081499938,42.0,فيلا,4.0,4.0,240,2350000
Z376230171,16.0,دور,3.0,3.0,342,654000
O195374530,71.0,فيلا,6.0,5.0,909,6600000
I455424304,172.0,شقة,4.0,3.0,147,550000
Z128591552,128.0,فيلا,4.0,4.0,900,1750000
J597372662,152.0,دور,4.0,3.0,179,540000
D215878541,14.0,دور,4.0,3.0,171,680000
S663365085,108.0,فيلا,7.0,6.0,1680,27000000
A664367006,180.0,شقة,3.0,3.0,163,540000
Q411091119,127.0,شقة,4.0,4.0,176,1350000
B771497518,63.0,شقة,3.0,3.0,127,1149000
V557245248,152.0,دور,5.0,3.0,160,490000
B456593550,152.0,دور,5.0,3.0,201,630000
W916822852,152.0,فيلا,8.0,4.0,636,700000
O868944545,133.0,فيلا,3.0,5.0,217,2100000
L010741269,49.0,شقة,3.0,3.0,140,650000
T764102320,20.0,فيلا,1.0,3.0,420,2000000
L611019102,127.0,شقة,3.0,3.0,135,1009000
L798902323,185.0,دور,3.0,4.0,195,1850000
O280010367,152.0,شقة,4.0,3.0,900,520000
Y588343737,152.0,شقة,3.0,4.0,900,520000
F654941294,63.0,شقة,3.0,2.0,132,1500000
Q371587538,19.0,فيلا,10.0,6.0,455,2200000
H900111264,87.0,شقة,3.0,3.0,3001,770000
C914349973,121.0,دور,4.0,5.0,621,1750000
Z315311204,146.0,فيلا,7.0,7.0,600,5000000
N630683474,192.0,دور,4.0,3.0,163,650000
I745427816,172.0,دور,3.0,3.0,249,750000
I358001263,32.0,فيلا,3.0,2.0,173,1030000
R629003588,172.0,شقة,3.0,3.0,184,650000
I176248817,32.0,فيلا,6.0,4.0,307,2100000
X020994728,180.0,دور,4.0,3.0,161,610000
S044936733,192.0,دور,3.0,3.0,163,695000
J669701526,152.0,دور,4.0,3.0,214,760000
B657459984,152.0,دور,6.0,3.0,193,640000
J758574838,146.0,شقة,3.0,3.0,126,920000
B012472855,127.0,فيلا,5.0,5.0,260,3464500
P586170162,168.0,دور,4.0,5.0,500,860000
V899256299,40.0,دور,3.0,3.0,500,860000
S557985808,152.0,دور,4.0,4.0,214,760000
C895960467,152.0,شقة,4.0,3.0,149,430000
T689471085,152.0,شقة,3.0,3.0,131,430000
F957890749,49.0,شقة,3.0,4.0,124,580000
O077961289,87.0,دور,3.0,3.0,193,980000
C587521909,127.0,فيلا,6.0,6.0,351,4600000
Q797471380,180.0,دور,3.0,3.0,143,610000
O693692376,32.0,فيلا,5.0,7.0,241,3600000
M940711499,43.0,دور,5.0,3.0,123,925000
Y272555791,32.0,فيلا,5.0,6.0,274,1500000
H274669939,107.0,فيلا,7.0,5.0,330,2300000
U055859805,185.0,شقة,3.0,3.0,160,1280000
G531950070,32.0,شقة,3.0,2.0,341,600000
W769989295,127.0,شقة,3.0,3.0,139,1109000
V182548114,21.0,دور,3.0,3.0,145,550000
C351071519,43.0,دور,5.0,5.0,236,1000000
N972574096,172.0,فيلا,5.0,5.0,1066,4000000
J613405667,152.0,فيلا,5.0,4.0,560,1600000
Y164815080,56.0,شقة,3.0,2.0,134,1200000
Q932514259,58.0,فيلا,4.0,4.0,270,3350000
P519507295,63.0,فيلا,4.0,6.0,206,3100000
C271925619,173.0,فيلا,5.0,3.0,176,630000
J285446796,49.0,شقة,3.0,3.0,180,630000
N124389146,172.0,دور,4.0,5.0,193,800000
J899256299,40.0,دور,3.0,3.0,500,860000
W924307046,152.0,شقة,3.0,3.0,173,450000
Z435811083,176.0,شقة,5.0,3.0,130,720000
E488111650,168.0,دور,3.0,4.0,250,860000
F557985808,152.0,دور,4.0,4.0,214,760000
E600046048,152.0,فيلا,4.0,4.0,164,570000
P262408543,43.0,دور,5.0,4.0,180,1300000
F605262015,127.0,فيلا,4.0,7.0,450,6000000
T294444782,127.0,فيلا,10.0,10.0,350,6500000
D725008669,66.0,فيلا,7.0,5.0,625,2200000
J789678175,185.0,فيلا,10.0,10.0,385,3300000
B177844719,168.0,دور,5.0,6.0,500,860000
E333956278,176.0,شقة,4.0,5.0,900,930000
I424882782,172.0,دور,5.0,5.0,600,950000
Q046601429,168.0,دور,2.0,3.0,500,860000
Y895552792,185.0,دور,3.0,4.0,360,900000
S464052926,145.0,فيلا,3.0,4.0,371,3700000
F839497510,127.0,شقة,3.0,4.0,139,1019000
M306634679,35.0,شقة,3.0,4.0,101,1090000
A469999189,14.0,دور,3.0,4.0,145,730000
V473176340,21.0,شقة,3.0,3.0,131,400000
S554727661,152.0,دور,4.0,4.0,214,760000
B404740649,130.0,أرض سكنية,,,440,1122000
M576059665,121.0,شقة,4.0,4.0,149,1295000
F236719868,180.0,شقة,3.0,3.0,163,540000
T567044536,168.0,دور,3.0,3.0,500,800000
R690169535,21.0,شقة,3.0,3.0,131,420000
S642738876,21.0,شقة,3.0,3.0,131,420000
N644746608,32.0,دور,6.0,3.0,224,1250000
L567700060,159.0,فيلا,10.0,10.0,1225,15500000
T588343737,152.0,شقة,3.0,4.0,900,520000
K952751472,168.0,دور,3.0,3.0,500,800000
K148954850,172.0,دور,3.0,3.0,194,800000
C281283121,120.0,فيلا,5.0,4.0,400,3000000
N189158718,182.0,عمارة سكنية,11.0,7.0,1281,5000000
L958226528,168.0,دور,4.0,3.0,500,860000
X958226528,168.0,دور,4.0,3.0,500,860000
I768066941,152.0,دور,5.0,4.0,325,620000
W485373316,185.0,فيلا,4.0,6.0,600,6000000
S354019769,32.0,فيلا,3.0,3.0,239,1300000
C170865092,127.0,شقة,4.0,3.0,181,1800000
C457999136,127.0,شقة,3.0,3.0,157,1199000
Z663498097,120.0,فيلا,5.0,5.0,370,2200000
E695708452,192.0,دور,5.0,4.0,171,750000
C642024082,185.0,شقة,3.0,3.0,130,1030000
G595791167,168.0,دور,3.0,3.0,500,860000
S076431395,185.0,فيلا,6.0,6.0,300,3700000
Y884894679,172.0,شقة,3.0,3.0,149,640000
J182745789,179.0,أرض سكنية,,,216,200000
D891635711,73.0,دور,5.0,4.0,800,980000
Z912619538,43.0,دور,5.0,4.0,177,1000000
Z800742693,84.0,فيلا,9.0,6.0,334,1800000
G223629612,66.0,فيلا,6.0,5.0,400,1300000
T280372438,127.0,فيلا,5.0,6.0,540,11000000
X915816591,127.0,استراحة,2.0,1.0,543,4500000
C708014829,168.0,دور,4.0,3.0,500,860000
I317869755,168.0,دور,3.0,3.0,500,860000
J850156512,168.0,دور,3.0,3.0,500,860000
V473330130,121.0,شقة,4.0,3.0,216,1500000
X008182627,168.0,دور,4.0,3.0,500,860000
R800845206,168.0,دور,3.0,4.0,500,860000
A447820498,168.0,دور,3.0,3.0,250,860000
F392553841,158.0,عمارة سكنية,2.0,2.0,500,5000000
F819342994,32.0,فيلا,7.0,4.0,319,1150000
R061122259,21.0,فيلا,11.0,11.0,367,1000000
F811758788,185.0,فيلا,10.0,9.0,390,4500000
B778746259,176.0,شقة,3.0,3.0,135,700000
A336007772,183.0,عمارة سكنية,11.0,11.0,810,5500000
Z360408682,105.0,عمارة سكنية,11.0,11.0,150,1500000
V245920485,115.0,شقة,3.0,3.0,233,1079000
G793652683,73.0,شقة,3.0,3.0,150,670000
U146459347,152.0,فيلا,6.0,7.0,250,900000
C345839661,67.0,شقة,5.0,3.0,136,615000
B967196406,180.0,دور,3.0,5.0,184,630000
M940509531,1.0,فيلا,4.0,3.0,260,880000
D336199093,168.0,دور,3.0,3.0,500,950000
I565851689,168.0,دور,3.0,3.0,500,800000
S529428301,87.0,دور,3.0,5.0,203,1250000
N558809298,120.0,شقة,4.0,3.0,136,790000
S829562460,120.0,شقة,4.0,3.0,137,820000
T829436455,168.0,دور,3.0,3.0,500,860000
T403241518,168.0,دور,3.0,4.0,500,860000
V201812960,107.0,شقة,3.0,3.0,101,720000
C906105861,168.0,دور,3.0,3.0,500,850000
L989551140,35.0,شقة,3.0,3.0,152,1239000
D850549264,152.0,شقة,3.0,3.0,177,450000
U614032379,172.0,شقة,3.0,3.0,184,650000
X619502156,12.0,فيلا,4.0,3.0,455,2300000
Q245220774,168.0,دور,3.0,4.0,500,860000
N992629350,80.0,فيلا,6.0,7.0,200,1700000
Z431699929,127.0,شقة,3.0,3.0,151,1109000
V135067827,110.0,شقة,4.0,3.0,147,1300000
Q462262513,152.0,شقة,5.0,3.0,175,350000
R447820498,168.0,دور,3.0,3.0,250,860000
D976202645,145.0,فيلا,6.0,6.0,650,5000000
X634863845,120.0,شقة,3.0,3.0,1800,830000
L707010744,176.0,شقة,4.0,3.0,135,850000
P629646399,120.0,شقة,4.0,3.0,137,850000
L634863692,21.0,شقة,3.0,3.0,132,420000
J978605897,176.0,شقة,5.0,5.0,900,930000
B287042589,120.0,شقة,4.0,3.0,137,850000
D575482757,43.0,دور,4.0,3.0,134,730000
Z145162840,121.0,شقة,3.0,3.0,160,1090000
P282234862,34.0,دور,3.0,4.0,600,1600000
X145977240,146.0,فيلا,5.0,6.0,250,2875000
R305160803,32.0,فيلا,8.0,6.0,360,850000
W291590980,176.0,شقة,4.0,4.0,136,700000
P913786983,172.0,شقة,3.0,2.0,157,530000
D873031475,43.0,شقة,3.0,3.0,176,730000
F082121363,32.0,شقة,2.0,2.0,188,872485
G436507278,96.0,أرض,,,900,9000000
R648752371,38.0,استراحة,2.0,2.0,840,750000
Z566757439,127.0,شقة,3.0,3.0,135,1009000
G850549264,152.0,شقة,3.0,3.0,177,450000
P437468023,73.0,شقة,4.0,3.0,234,820000
Z294015226,32.0,فيلا,3.0,5.0,237,1300000
L273414355,68.0,شقة,3.0,3.0,219,690000
E397200880,121.0,دور,3.0,3.0,149,1300000
L680069017,32.0,دور,5.0,3.0,156,950000
N363996806,32.0,دور,6.0,3.0,169,800000
S632516938,115.0,شقة,3.0,3.0,2187,859000
J272801941,113.0,فيلا,5.0,5.0,902,9000000
A488911087,121.0,شقة,5.0,3.0,5408,1500000
N982675278,176.0,شقة,3.0,2.0,124,660000
L311541567,50.0,دور,6.0,5.0,211,950000
Q663791159,124.0,شقة,2.0,2.0,100,1395000
B610097974,110.0,فيلا,6.0,6.0,1008,27000000
S207997014,109.0,فيلا,5.0,5.0,508,5000000
S110691384,127.0,فيلا,5.0,3.0,300,3357000
O515368810,159.0,فيلا,8.0,7.0,420,8500000
H475856056,127.0,فيلا,4.0,4.0,360,4300000
E671677318,120.0,فيلا,5.0,9.0,750,8719000
J440048355,35.0,شقة,3.0,4.0,160,1119000
J184271012,68.0,فيلا,4.0,5.0,273,950000
Q714538927,32.0,دور,4.0,4.0,146,950000
Z314302961,172.0,شقة,3.0,4.0,177,655159
A292890442,8.0,دور,4.0,4.0,172,1050000
D444987673,168.0,دور,3.0,4.0,500,860000
P597293055,32.0,شقة,3.0,4.0,140,790000
H086994899,32.0,شقة,4.0,4.0,140,790000
Z112586077,43.0,فيلا,7.0,5.0,307,2200000
B899256299,40.0,دور,3.0,3.0,500,860000
G557985808,152.0,دور,4.0,4.0,214,760000
F162277606,152.0,دور,5.0,3.0,600,580000
H701483355,32.0,دور,5.0,4.0,172,1150000
U124260026,168.0,دور,3.0,3.0,500,800000
R308787329,49.0,شقة,3.0,4.0,124,580000
U833090161,168.0,دور,3.0,3.0,250,800000
B839686779,71.0,دور,3.0,3.0,174,1800000
T962875223,115.0,فيلا,3.0,2.0,500,3000000
Z317869755,168.0,دور,3.0,3.0,500,860000
Z961615343,63.0,شقة,4.0,4.0,61,1125000
D028668320,152.0,شقة,3.0,3.0,132,430000
Q403241518,168.0,دور,3.0,4.0,500,860000
I643888923,99.0,شقة,1.0,1.0,64,360000
E142025309,107.0,دور,5.0,3.0,375,970000
G148619744,32.0,شقة,5.0,5.0,224,1250000
R123263465,32.0,دور,5.0,3.0,211,1150000
S210550421,110.0,شقة,3.0,3.0,141,1800000
Q063023035,32.0,فيلا,4.0,5.0,249,1700000
G162277606,152.0,دور,5.0,3.0,600,580000
T775094432,40.0,دور,3.0,4.0,500,860000
A162730225,32.0,دور,3.0,5.0,168,940000
R123559023,32.0,دور,3.0,5.0,168,940000
Q859159721,152.0,شقة,6.0,4.0,241,670000
L482930047,110.0,فيلا,8.0,9.0,375,5800000
V317806220,180.0,دور,6.0,3.0,174,650000
E121946173,152.0,شقة,3.0,3.0,177,690000
L793508401,152.0,شقة,3.0,3.0,170,420000
W712103922,152.0,دور,4.0,4.0,214,760000
B695199577,127.0,شقة,3.0,3.0,127,1239000
D824367615,35.0,شقة,4.0,3.0,141,138039
G459105891,120.0,فيلا,9.0,5.0,450,3250000
L782736729,120.0,فيلا,3.0,4.0,375,1800000
Q252325425,168.0,دور,3.0,3.0,500,860000
Q073560916,127.0,دور,3.0,2.0,79,1750000
O376944726,21.0,شقة,3.0,3.0,132,420000
R282535282,172.0,شقة,3.0,3.0,149,640000
L965653550,21.0,شقة,3.0,3.0,131,420000
N317869755,168.0,دور,3.0,3.0,500,860000
H556324367,32.0,شقة,1.0,1.0,63,600000
S299562700,32.0,فيلا,6.0,4.0,330,1350000
Z053764860,43.0,شقة,3.0,3.0,180,900000
Q193231257,87.0,دور,5.0,5.0,261,1200000
B850549264,152.0,شقة,3.0,3.0,177,450000
M427115100,73.0,شقة,4.0,3.0,180,710000
W150715572,152.0,دور,3.0,3.0,224,670000
M448394207,32.0,فيلا,4.0,5.0,219,1650000
H929989620,87.0,فيلا,4.0,4.0,234,1600000
T913695990,127.0,فيلا,6.0,5.0,288,3300000
W432962464,32.0,شقة,3.0,3.0,194,995000
Q450757578,158.0,عمارة سكنية,10.0,10.0,1000,10000000
T888706470,127.0,شقة,3.0,3.0,122,1049000
C912249810,14.0,شقة,4.0,3.0,147,530000
A719919280,53.0,فيلا,5.0,5.0,204,715000
G183692247,73.0,شقة,3.0,3.0,181,685000
K064571502,168.0,دور,3.0,3.0,500,860000
G539461929,168.0,دور,3.0,4.0,500,860000
W307306535,40.0,شقة,3.0,1.0,128,550000
I059721170,145.0,شقة,3.0,3.0,100,1350000
T744104276,21.0,شقة,3.0,3.0,131,420000
R444987673,168.0,دور,3.0,4.0,500,860000
U744104276,21.0,شقة,3.0,3.0,131,420000
U829436455,168.0,دور,3.0,3.0,500,860000
H597014406,53.0,فيلا,5.0,6.0,204,715000
F480591827,152.0,دور,5.0,3.0,180,539000
L464488018,14.0,دور,,,143,670000
R382055350,73.0,شقة,3.0,3.0,150,670000
K437468023,73.0,شقة,4.0,3.0,234,820000
R643048236,171.0,شقة,4.0,4.0,154,679997
R397200880,121.0,دور,3.0,3.0,149,1300000
W273414355,68.0,شقة,3.0,3.0,219,690000
O865616259,188.0,فيلا,7.0,4.0,200,4000000
L517940153,152.0,شقة,3.0,3.0,177,450000
R253138888,103.0,أرض سكنية,,,1123,1459900
F039171964,130.0,فيلا,8.0,4.0,342,1500000
Q872661811,192.0,استراحة,2.0,1.0,449,1400000
H791401191,87.0,دور,4.0,5.0,300,900000
B710699273,87.0,فيلا,6.0,6.0,300,2200000
Y339327109,21.0,شقة,3.0,3.0,131,420000
M542594670,168.0,دور,3.0,4.0,500,860000
F124260026,168.0,دور,3.0,3.0,500,800000
J571401130,40.0,دور,3.0,3.0,500,860000
L538484379,152.0,دور,4.0,4.0,214,760000
Y567044536,168.0,دور,3.0,3.0,500,800000
J954293444,49.0,شقة,3.0,4.0,124,580000
R458966720,152.0,شقة,3.0,3.0,149,430000
K227357238,152.0,دور,4.0,4.0,214,760000
Y952751472,168.0,دور,3.0,3.0,500,800000
M339882301,168.0,دور,4.0,4.0,500,800000
W825079379,127.0,فيلا,6.0,5.0,285,4400000
A114096741,127.0,فيلا,3.0,5.0,200,3400000
Q597766326,43.0,دور,4.0,3.0,158,800000
Y159875236,43.0,شقة,3.0,2.0,70,750000
L738541094,12.0,فيلا,6.0,4.0,600,1600000
J782901906,121.0,فيلا,6.0,6.0,250,2400000
M638163916,32.0,دور,4.0,3.0,220,1200000
U723850964,185.0,فيلا,5.0,7.0,600,3500000
E010723547,87.0,شقة,4.0,3.0,89,800000
C629910830,63.0,أرض,,,377,2639000
G354005143,176.0,فيلا,7.0,8.0,250,1800000
L732633766,71.0,شقة,4.0,3.0,141,2912000
W255658749,176.0,شقة,3.0,3.0,893,590000
K998640712,131.0,شقة,3.0,3.0,750,650000
X826648666,49.0,شقة,3.0,3.0,124,580000
B554727661,152.0,دور,4.0,4.0,214,760000
L893657956,21.0,شقة,4.0,4.0,131,420000
Z473176340,21.0,شقة,3.0,3.0,131,400000
K157474199,152.0,شقة,3.0,3.0,131,430000
H557985808,152.0,دور,4.0,4.0,214,760000
I557985808,152.0,دور,4.0,4.0,214,760000
K562231889,152.0,دور,4.0,4.0,214,760000
X807103044,152.0,شقة,4.0,4.0,177,690000
F689471085,152.0,شقة,3.0,3.0,131,430000
R491880034,63.0,فيلا,6.0,5.0,336,3000000
N456738614,21.0,دور,3.0,3.0,639,690000
W332938144,20.0,أرض سكنية,,,298,780000
D506667389,71.0,شقة,1.0,1.0,91,2425150
X707770754,32.0,فيلا,4.0,5.0,225,1750000
P876759574,120.0,فيلا,6.0,5.0,225,2300000
M371420028,132.0,فيلا,5.0,5.0,337,1600000
B540439350,32.0,دور,3.0,2.0,172,1050000
B060602790,63.0,أرض سكنية,,,442,2652000
F492850134,32.0,دور,5.0,3.0,540,1250000
S763294776,,أرض سكنية,,,375,800000
W149723898,73.0,شقة,3.0,3.0,180,685000
P070056079,120.0,فيلا,3.0,3.0,418,3500000
F798699983,168.0,دور,3.0,3.0,250,800000
S132949090,38.0,أرض سكنية,1.0,,957,900000
G473176340,21.0,شقة,3.0,3.0,131,400000
K151414340,152.0,دور,4.0,4.0,214,760000
D805731001,152.0,دور,4.0,4.0,214,760000
T891178646,152.0,دور,3.0,3.0,214,760000
P018925967,152.0,دور,4.0,4.0,214,760000
F157474199,152.0,شقة,3.0,3.0,131,430000
T850495412,152.0,دور,4.0,4.0,214,760000
I374179635,152.0,شقة,3.0,3.0,178,450000
K531194349,40.0,دور,4.0,3.0,500,860000
O618786398,35.0,شقة,3.0,3.0,120,969000
J532891007,124.0,شقة,2.0,3.0,118,1600000
D621869354,52.0,أرض سكنية,1.0,,750,412500
P879931806,53.0,دور,4.0,4.0,163,690000
V004642312,32.0,فيلا,4.0,5.0,273,1850000
W893099694,121.0,دور,3.0,3.0,141,1100000
T035875077,121.0,دور,3.0,3.0,540,1280000
D422179109,168.0,دور,2.0,3.0,250,860000
B001521619,63.0,فيلا,10.0,7.0,434,3400000
L299443289,32.0,شقة,2.0,2.0,68,700000
H742881690,87.0,دور,6.0,5.0,222,1200000
E846041562,87.0,دور,6.0,5.0,199,900000
E248501972,87.0,شقة,4.0,3.0,88,797000
B537248917,87.0,شقة,3.0,3.0,88,797000
F859173360,87.0,دور,4.0,5.0,222,1200000
P012499282,185.0,دور,3.0,3.0,600,1950000
G841946789,152.0,دور,4.0,4.0,214,760000
A107478003,73.0,شقة,3.0,3.0,150,650000
O329973034,58.0,فيلا,5.0,5.0,300,3400000
Z886181510,172.0,شقة,3.0,2.0,115,505000
A357685465,58.0,فيلا,5.0,5.0,300,3400000
H252363233,32.0,شقة,3.0,3.0,182,790000
L212444976,87.0,شقة,3.0,3.0,122,753000
E816549044,176.0,شقة,2.0,2.0,75,349000
E744104276,21.0,شقة,3.0,3.0,131,420000
Q698134700,120.0,شقة,3.0,3.0,478,880000
G249518315,130.0,شقة,2.0,3.0,520,680000
V231427600,152.0,فيلا,7.0,9.0,303,1150000
Z672372933,172.0,شقة,3.0,2.0,114,470000
C129805584,152.0,دور,3.0,2.0,193,560000
W649079503,87.0,شقة,3.0,3.0,140,770000
Q202372716,63.0,شقة,5.0,3.0,170,1000000
N029955568,87.0,شقة,4.0,3.0,140,770000
R924869646,87.0,دور,3.0,4.0,168,1050000
P325510423,87.0,دور,3.0,3.0,168,1050000
G553542710,152.0,شقة,3.0,3.0,173,450000
W825189476,87.0,دور,3.0,4.0,193,1000000
O072972509,121.0,دور,3.0,3.0,188,1350000
K051779014,152.0,فيلا,4.0,4.0,200,750000
Z762940697,69.0,دور,4.0,4.0,245,2200000
E261615836,21.0,شقة,3.0,3.0,131,420000
P339327109,21.0,شقة,3.0,3.0,131,420000
T339327109,21.0,شقة,3.0,3.0,131,420000
S963886086,127.0,فيلا,4.0,3.0,300,3357000
M969603036,56.0,شقة,3.0,3.0,131,1017000
Z269526640,176.0,شقة,4.0,3.0,133,750000
N362550709,110.0,شقة,3.0,4.0,137,1450000
R542945943,172.0,شقة,3.0,3.0,145,640000
U883268093,127.0,فيلا,5.0,3.0,300,2850000
K435466071,63.0,شقة,4.0,4.0,145,1325000
T538818769,32.0,دور,3.0,2.0,540,1050000
X401795822,87.0,شقة,3.0,3.0,122,695000
K668218110,172.0,دور,3.0,3.0,171,750000
Y248607862,130.0,دور,3.0,2.0,61,920000
Y179942045,38.0,استراحة,3.0,2.0,846,1200000
S870931699,146.0,دور,3.0,3.0,153,1100000
H361283961,63.0,شقة,3.0,4.0,216,1373000
X097506543,37.0,دور,2.0,2.0,86,1100000
Y807571316,132.0,فيلا,10.0,10.0,600,2100000
H314470051,120.0,فيلا,3.0,3.0,232,1750000
X832053400,152.0,دور,4.0,4.0,177,700000
O869165921,180.0,فيلا,3.0,5.0,262,850000
T373465470,32.0,شقة,2.0,3.0,136,599000
X929687146,108.0,شقة,3.0,2.0,96,1399000
V834561164,181.0,فيلا,3.0,3.0,143,900000
P955918009,172.0,دور,3.0,3.0,420,800000
H124260026,168.0,دور,3.0,3.0,500,800000
K215095460,127.0,شقة,3.0,3.0,151,1129000
H826547823,168.0,دور,4.0,4.0,500,860000
A961761892,168.0,دور,4.0,4.0,500,860000
C779564906,21.0,فيلا,11.0,11.0,750,2300000
A848953943,168.0,دور,2.0,4.0,500,860000
Y952424837,63.0,دور,3.0,4.0,171,1540000
O791505083,59.0,فيلا,4.0,4.0,2480,2199000
D995550694,127.0,فيلا,4.0,3.0,198,1748875
V440039170,188.0,فيلا,6.0,7.0,250,1800000
H710635730,172.0,فيلا,8.0,5.0,796,2400000
J644586460,63.0,دور,3.0,3.0,448,1600000
A286781320,176.0,شقة,4.0,3.0,139,850000
E856572429,19.0,فيلا,6.0,3.0,400,1800000
U687139166,176.0,شقة,6.0,4.0,232,1300000
Z678267509,63.0,شقة,5.0,4.0,189,1078000
K483024034,146.0,شقة,3.0,3.0,107,750000
I577041298,176.0,فيلا,8.0,6.0,600,3500000
L360220290,21.0,دور,3.0,3.0,203,570000
B495774549,21.0,شقة,2.0,3.0,203,400000
U672335567,63.0,فيلا,8.0,7.0,250,2500000
U143118680,168.0,دور,7.0,5.0,230,1000000
Y781755664,14.0,فيلا,7.0,5.0,600,3000000
U652509563,172.0,فيلا,8.0,6.0,250,1300000
P330386138,168.0,دور,3.0,3.0,250,860000
K983098313,179.0,أرض سكنية,,,312,421200
N539461929,168.0,دور,3.0,4.0,500,860000
Z266923218,168.0,دور,4.0,4.0,500,860000
V290915522,168.0,دور,3.0,5.0,500,860000
N325600324,168.0,دور,4.0,4.0,500,860000
G684344093,168.0,دور,3.0,4.0,500,860000
U426442325,168.0,دور,4.0,4.0,500,860000
P264341071,168.0,دور,4.0,4.0,500,860000
R325600324,168.0,دور,4.0,4.0,500,860000
F021216354,135.0,فيلا,5.0,6.0,780,2964000
J423200288,63.0,استراحة,8.0,4.0,405,3240000
T660184938,167.0,عمارة سكنية,11.0,7.0,190,1800000
L139734439,190.0,عمارة سكنية,11.0,7.0,316,1700000
P043560646,40.0,شقة,3.0,2.0,128,550000
J463198950,173.0,فيلا,7.0,5.0,302,1100000
M623648247,99.0,شقة,2.0,2.0,64,360000
U665480542,172.0,فيلا,7.0,5.0,600,2600000
O408615968,21.0,شقة,6.0,4.0,219,650000
H313021702,108.0,شقة,3.0,2.0,96,1389000
S382550150,127.0,فيلا,11.0,7.0,600,6000000
B585336207,173.0,دور,3.0,3.0,202,660000
J267358506,9.0,دور,3.0,3.0,750,1499000
L897668310,172.0,فيلا,7.0,5.0,300,1050000
L507087020,127.0,دور,3.0,3.0,157,1600000
J117594433,120.0,فيلا,5.0,4.0,400,3800000
P054457861,179.0,استراحة,2.0,2.0,900,650000
X434800588,32.0,فيلا,4.0,4.0,252,1450000
W003366919,146.0,فيلا,5.0,7.0,250,2350000
B389574035,8.0,دور,4.0,4.0,172,1050000
I799303141,120.0,فيلا,6.0,6.0,400,2300000
U444987673,168.0,دور,3.0,4.0,500,860000
E778561547,152.0,شقة,3.0,3.0,175,450000
L640495261,121.0,دور,6.0,5.0,185,1400000
X585668620,152.0,شقة,4.0,4.0,227,680000
N722102291,152.0,شقة,3.0,4.0,227,680000
N447820498,168.0,دور,3.0,3.0,250,860000
T317869755,168.0,دور,3.0,3.0,500,860000
J482930047,110.0,فيلا,8.0,9.0,375,5800000
L874638825,32.0,فيلا,12.0,9.0,261,2000000
S277935983,32.0,فيلا,12.0,9.0,261,2000000
K933972520,32.0,دور,2.0,2.0,312,900000
D365668880,152.0,شقة,4.0,2.0,192,680000
G740760904,152.0,شقة,6.0,4.0,193,680000
H933972520,32.0,دور,2.0,2.0,312,900000
I556324367,32.0,شقة,1.0,1.0,63,600000
J490619566,32.0,دور,5.0,4.0,172,1150000
F924307046,152.0,شقة,3.0,3.0,173,450000
K899256299,40.0,دور,3.0,3.0,500,860000
V554727661,152.0,دور,4.0,4.0,214,760000
L544801753,152.0,شقة,3.0,3.0,177,450000
I589329123,171.0,شقة,4.0,3.0,154,679997
R718662292,152.0,شقة,6.0,4.0,241,670000
A153248506,32.0,شقة,5.0,4.0,175,1000000
O205560470,32.0,شقة,5.0,4.0,175,1000000
R450661169,172.0,دور,5.0,4.0,172,800000
J293366603,152.0,شقة,3.0,3.0,131,430000
V850549264,152.0,شقة,3.0,3.0,177,450000
V924307046,152.0,شقة,3.0,3.0,173,450000
I322181633,21.0,فيلا,7.0,5.0,367,1000000
Y557985808,152.0,دور,4.0,4.0,214,760000
E623828377,152.0,شقة,2.0,2.0,170,68000
U744786232,152.0,شقة,3.0,3.0,169,450000
U887930551,152.0,دور,4.0,4.0,177,700000
S389787477,90.0,فيلا,5.0,3.0,375,4800000
Z172376486,32.0,فيلا,13.0,6.0,420,2300000
D951853338,68.0,فيلا,7.0,7.0,375,1500000
Y929687146,108.0,شقة,3.0,2.0,96,1399000
N331515441,68.0,فيلا,7.0,5.0,200,1100000
I995927391,63.0,فيلا,6.0,4.0,230,2800000
I270232777,176.0,شقة,4.0,4.0,181,800000
O130362954,63.0,دور,6.0,6.0,550,1250000
C147846479,120.0,فيلا,5.0,8.0,213,2000000
Q837162721,120.0,فيلا,5.0,5.0,400,1850000
L337822150,120.0,شقة,3.0,3.0,478,900000
O772531484,84.0,شقة,4.0,4.0,212,1380000
X013231624,84.0,فيلا,4.0,4.0,343,2600000
E848240271,19.0,شقة,5.0,4.0,191,950000
Y749215692,2.0,فيلا,5.0,7.0,400,2800000
F272684081,120.0,أرض سكنية,,,450,5220000
O677279649,145.0,شقة,7.0,7.0,176,1250000
F539855202,73.0,شقة,5.0,4.0,150,670000
Z617344814,103.0,أرض سكنية,,,1799,2000000
L580173289,172.0,أرض,,,548,1205600
I157505499,101.0,أرض سكنية,,,928,1900000
N458708552,15.0,شقة,4.0,3.0,120,900000
L771460315,127.0,فيلا,5.0,7.0,360,4200000
N658068409,127.0,دور,3.0,4.0,360,1750000
N320678583,180.0,فيلا,9.0,6.0,420,2600000
Y316786144,34.0,شقة,4.0,3.0,161,1205000
Y832396116,58.0,أرض سكنية,,,816,7344000
Y491885118,87.0,أرض سكنية,,,480,1512000
X321783298,121.0,فيلا,7.0,5.0,309,3500000
P142706324,159.0,شقة,3.0,3.0,163,1770000
Q392499314,145.0,فيلا,6.0,6.0,385,4200000
D637825640,87.0,دور,6.0,4.0,199,900000
M031337968,146.0,فيلا,5.0,7.0,250,2350000
I809022238,172.0,شقة,5.0,4.0,152,630000
E890818331,48.0,أرض سكنية,,,887,7539500
R263543788,58.0,فيلا,5.0,5.0,403,3800000
F804114576,180.0,شقة,3.0,4.0,168,460000
Z867332245,35.0,فيلا,11.0,7.0,700,5500000
S544792154,3.0,شقة,4.0,2.0,116,1399000
A068580176,108.0,شقة,3.0,2.0,1050,1099000
D825812987,180.0,دور,4.0,4.0,172,750000
O198270776,152.0,دور,4.0,4.0,203,600000
L533951000,121.0,فيلا,8.0,6.0,309,2999986
G227283547,40.0,شقة,3.0,3.0,128,550000
Q482655125,32.0,أرض سكنية,,,360,1332000
Z982251838,63.0,شقة,4.0,5.0,186,1060000
X374599990,185.0,فيلا,5.0,6.0,600,5500000
J976517749,185.0,شقة,2.0,3.0,2594,1750000
W957418621,121.0,شقة,3.0,3.0,167,1250000
V022019688,87.0,دور,4.0,3.0,506,1650000
X145492737,63.0,فيلا,11.0,7.0,315,3500000
P861763332,63.0,فيلا,5.0,4.0,600,5000000
W014262226,192.0,شقة,5.0,4.0,151,570000
U520123149,63.0,شقة,4.0,3.0,139,850000
P963642425,63.0,فيلا,8.0,7.0,312,3200000
X611678674,176.0,شقة,3.0,3.0,131,590000
V745371960,87.0,شقة,4.0,3.0,88,797000
S404506846,127.0,فيلا,5.0,6.0,252,3400000
Y263814753,127.0,فيلا,5.0,6.0,288,3750000
B528516548,127.0,فيلا,4.0,6.0,360,4500000
Y458240444,120.0,فيلا,4.0,7.0,400,2150000
C451135740,14.0,شقة,3.0,3.0,135,530000
F310688824,63.0,فيلا,6.0,5.0,375,3200000
P945037582,87.0,دور,6.0,4.0,199,900000
S518539442,87.0,دور,6.0,4.0,300,1200000
C669405434,87.0,دور,4.0,4.0,303,1150000
B100764413,87.0,شقة,4.0,4.0,88,797000
K111440140,87.0,دور,6.0,4.0,222,1200000
F636533309,87.0,دور,4.0,4.0,199,900000
Z763213353,172.0,دور,4.0,3.0,750,900000
Y100401949,12.0,دور,4.0,5.0,185,1100000
K057806927,173.0,دور,3.0,4.0,202,660000
C261050322,87.0,دور,6.0,6.0,168,1100000
J299930852,12.0,دور,3.0,4.0,185,750000
A941488347,8.0,فيلا,6.0,6.0,276,1700000
D924138740,87.0,شقة,3.0,4.0,140,790000
Y746464108,8.0,فيلا,4.0,5.0,276,1700000
Z426924247,87.0,دور,5.0,4.0,305,1400000
E525589363,8.0,دور,4.0,3.0,196,850000
P417879759,8.0,فيلا,5.0,6.0,276,1700000
L426905174,87.0,شقة,4.0,3.0,159,905000
R991795373,87.0,شقة,4.0,3.0,140,790000
Y633650846,120.0,فيلا,4.0,5.0,400,4000000
M966830306,16.0,دور,4.0,3.0,343,645000
A170259227,14.0,شقة,5.0,4.0,188,480000
M906292945,63.0,شقة,3.0,4.0,120,950000
A431295026,121.0,فيلا,6.0,4.0,260,2400000
J060455906,14.0,شقة,4.0,3.0,147,530000
M394763935,68.0,فيلا,5.0,5.0,630,1800000
A373845258,73.0,شقة,5.0,3.0,190,730000
Z227286265,73.0,شقة,5.0,3.0,194,730000
F024593609,73.0,شقة,5.0,3.0,190,730000
T952494531,87.0,دور,3.0,3.0,506,1200000
U529009311,63.0,شقة,3.0,3.0,84,830000
D184845127,121.0,فيلا,4.0,5.0,324,2650000
K318349462,121.0,فيلا,5.0,5.0,300,2500000
O938392991,127.0,دور,3.0,3.0,186,1500000
P251393649,146.0,دور,3.0,4.0,177,1300000
M209238695,19.0,فيلا,5.0,6.0,525,2625000
Q455701869,127.0,دور,3.0,5.0,186,1400000
R116141261,19.0,عمارة سكنية,3.0,3.0,1404,850000
T032696786,63.0,فيلا,6.0,6.0,324,2800000
Z709754554,120.0,فيلا,6.0,6.0,400,4000000
A149723898,73.0,شقة,3.0,3.0,180,685000
K746967363,121.0,فيلا,5.0,5.0,735,4000000
V776890403,192.0,فيلا,7.0,7.0,360,1500000
S962761792,63.0,شقة,3.0,3.0,102,1290000
V887690277,152.0,دور,4.0,3.0,177,700000
M545814286,30.0,فيلا,3.0,4.0,960,7680000
N881587363,32.0,دور,5.0,5.0,186,1145000
B217404693,168.0,دور,3.0,3.0,250,950000
P065916465,140.0,فيلا,11.0,10.0,634,4500000
P538089990,152.0,دور,4.0,4.0,177,700000
T890777415,119.0,عمارة سكنية,3.0,3.0,4000,6000000
E093712575,87.0,شقة,3.0,3.0,88,797000
H321018365,120.0,فيلا,8.0,7.0,200,1800000
K335786059,121.0,فيلا,5.0,5.0,400,2850000
Y556014754,66.0,فيلا,7.0,5.0,625,1500000
J823235116,120.0,فيلا,5.0,5.0,450,3250000
Z640314352,63.0,دور,4.0,3.0,550,1400000
C035736981,63.0,دور,4.0,5.0,246,1800000
X160148806,120.0,فيلا,8.0,6.0,400,2250000
R101887753,120.0,فيلا,8.0,6.0,400,2250000
I468237196,49.0,شقة,3.0,4.0,124,580000
Y149723898,73.0,شقة,3.0,3.0,180,685000
U850549264,152.0,شقة,3.0,3.0,177,450000
L074971415,146.0,فيلا,9.0,6.0,375,3400000
C463004890,146.0,فيلا,4.0,3.0,375,3400000
H074971415,146.0,فيلا,9.0,6.0,375,3400000
O074971415,146.0,فيلا,9.0,6.0,375,3400000
Z746604801,176.0,شقة,4.0,3.0,125,650000
Q869780397,32.0,فيلا,7.0,6.0,225,1750000
N999398956,32.0,فيلا,7.0,6.0,225,1750000
T259231924,32.0,دور,5.0,4.0,177,950000
R633643996,68.0,دور,3.0,3.0,227,780000
B259231924,32.0,دور,5.0,4.0,177,950000
M272485778,14.0,دور,5.0,3.0,145,730000
I160785980,32.0,دور,5.0,4.0,146,900000
B761598944,14.0,دور,3.0,3.0,145,730000
Q585712918,87.0,شقة,4.0,3.0,88,797000
D291346134,87.0,دور,4.0,4.0,212,900000
S938304256,87.0,دور,4.0,4.0,199,900000
O873792046,173.0,دور,3.0,5.0,202,660000
M925612559,173.0,دور,3.0,5.0,202,660000
B968186191,173.0,دور,3.0,5.0,202,660000
V753324851,173.0,دور,3.0,5.0,202,660000
Y892714520,87.0,شقة,3.0,4.0,159,905000
Q898506068,87.0,دور,4.0,4.0,305,1400000
R218304194,32.0,دور,3.0,3.0,196,950000
M108631986,32.0,دور,4.0,3.0,180,850000
F991229967,152.0,دور,4.0,3.0,176,740000
B393659446,121.0,فيلا,8.0,7.0,260,2600000
W219796645,87.0,فيلا,8.0,6.0,285,1850000
N137470374,164.0,دور,5.0,5.0,250,920000
P235529688,40.0,عمارة سكنية,3.0,4.0,500,550000
K325534928,40.0,عمارة سكنية,3.0,4.0,500,600000
Q999556137,42.0,فيلا,3.0,3.0,200,1950000
H213544844,120.0,فيلا,10.0,9.0,432,3300000
H923672707,120.0,فيلا,10.0,8.0,450,3200000
W661355081,152.0,دور,3.0,3.0,228,600000
I855404107,,أرض سكنية,,,368,850000
G825786929,,أرض,,,777,2000000
H552023687,110.0,فيلا,10.0,11.0,525,11000000
C152412534,40.0,شقة,3.0,3.0,389,840000
C324114034,121.0,دور,3.0,3.0,503,1680000
Z221743073,68.0,دور,4.0,4.0,297,590000
R691087251,140.0,أرض سكنية,,,446,4200000
J819851701,32.0,فيلا,5.0,4.0,352,2600000
R566021510,142.0,أرض سكنية,,,300,660000
N556870385,12.0,أرض سكنية,,,375,900000
F705072303,110.0,فيلا,7.0,6.0,560,7000000
A197120762,176.0,فيلا,3.0,4.0,900,1300000
Y288795228,142.0,أرض سكنية,,,300,600000
A922756313,41.0,أرض سكنية,,,300,660000
L262783085,32.0,دور,2.0,3.0,296,1550000
A494818846,152.0,فيلا,6.0,5.0,375,1300000
Y058444275,185.0,دور,3.0,4.0,200,1850000
H176548971,108.0,فيلا,6.0,5.0,825,8000000
K277557451,32.0,عمارة سكنية,3.0,4.0,172,800000
U614718775,146.0,شقة,3.0,3.0,117,890000
X639217259,14.0,فيلا,3.0,5.0,312,1600000
P836496192,87.0,دور,4.0,3.0,199,950000
P232359013,152.0,دور,3.0,3.0,151,700000
P709111323,98.0,شقة,3.0,3.0,119,1519000
R037099057,152.0,شقة,3.0,3.0,131,430000
I030523459,87.0,دور,4.0,3.0,305,1400000
D002368604,12.0,دور,3.0,4.0,300,750000
H815954149,127.0,فيلا,4.0,4.0,216,2700000
O972455113,87.0,دور,4.0,4.0,292,1150000
R897754629,87.0,دور,4.0,4.0,285,1150000
Q292210373,3.0,دور,3.0,3.0,126,1899000
O643326830,128.0,فيلا,8.0,6.0,450,5200000
M015306692,127.0,فيلا,5.0,5.0,324,4000000
A738981273,43.0,شقة,3.0,3.0,180,900000
R470231911,120.0,فيلا,5.0,5.0,312,1800000
P020159083,145.0,شقة,3.0,3.0,123,1300000
Z747360937,172.0,شقة,4.0,3.0,132,510000
F554077369,172.0,شقة,4.0,3.0,133,520000
N554077369,172.0,شقة,4.0,3.0,133,520000
K747360937,172.0,شقة,4.0,3.0,132,510000
M747360937,172.0,شقة,4.0,3.0,132,510000
T747360937,172.0,شقة,4.0,3.0,132,510000
Q498738208,71.0,شقة,2.0,2.0,141,2700000
G524051367,176.0,فيلا,6.0,4.0,450,2200000
I442300755,35.0,فيلا,7.0,5.0,700,7200000
E837818798,127.0,فيلا,7.0,5.0,1050,16000000
I120359977,84.0,فيلا,8.0,5.0,625,3500000
L352608984,110.0,شقة,3.0,3.0,134,1400000
G439994539,180.0,شقة,5.0,4.0,209,730000
P531717231,32.0,دور,6.0,4.0,216,1050000
Z682785009,68.0,دور,7.0,4.0,205,590000
J922009030,152.0,دور,4.0,3.0,163,700000
T870931699,146.0,دور,3.0,3.0,153,1100000
W537292948,87.0,دور,2.0,3.0,505,1200000
Q174447223,87.0,دور,4.0,4.0,505,1650000
Q943434509,32.0,دور,3.0,3.0,296,1550000
A369090922,32.0,دور,3.0,3.0,241,1500000
L943434509,32.0,دور,3.0,3.0,296,1550000
O622722359,104.0,شقة,3.0,2.0,97,1100000
A012460532,115.0,شقة,3.0,3.0,250,1059000
V264341071,168.0,دور,4.0,4.0,500,860000
N645598847,68.0,شقة,2.0,2.0,106,400000
A901754391,32.0,فيلا,4.0,5.0,267,2000000
T013029495,13.0,فيلا,7.0,5.0,413,600000
E070859290,178.0,فيلا,7.0,5.0,200,5500000
Z967533302,21.0,شقة,3.0,2.0,219,350000
E528246184,135.0,فيلا,5.0,5.0,810,3000000
R715150012,145.0,فيلا,7.0,5.0,400,4000000
I680741774,127.0,فيلا,7.0,5.0,600,6000000
Y429771485,73.0,شقة,3.0,3.0,150,650000
J829436455,168.0,دور,3.0,3.0,500,860000
G240563651,172.0,فيلا,8.0,6.0,250,1300000
O028989648,69.0,فيلا,9.0,7.0,400,3500000
M644179163,152.0,دور,3.0,3.0,176,740000
H727134897,180.0,شقة,5.0,3.0,177,570000
P638116100,49.0,فيلا,5.0,5.0,500,1300000
Q212147036,171.0,دور,4.0,3.0,335,840000
A832053400,152.0,دور,4.0,4.0,177,700000
M862134574,173.0,فيلا,7.0,6.0,302,1100000
L397847118,168.0,دور,3.0,3.0,500,950000
M214804668,68.0,فيلا,7.0,5.0,200,1100000
M782203632,176.0,فيلا,7.0,6.0,250,1799999
X572884702,78.0,فيلا,4.0,6.0,212,720000
G434093900,40.0,شقة,4.0,3.0,168,530000
U696667919,21.0,فيلا,7.0,5.0,200,1150000
R346715321,63.0,شقة,3.0,3.0,135,1140000
X865616259,188.0,فيلا,7.0,4.0,200,4000000
Q551195749,172.0,دور,3.0,4.0,181,800000
G506675748,68.0,فيلا,11.0,7.0,250,1100000
J233118921,180.0,شقة,5.0,4.0,209,730000
U527658875,68.0,دور,6.0,4.0,227,780000
P557985808,152.0,دور,4.0,4.0,214,760000
T937776138,32.0,دور,5.0,4.0,143,900000
L630707937,32.0,شقة,3.0,3.0,182,790000
P689568196,146.0,شقة,5.0,3.0,138,760000
C879445825,176.0,فيلا,7.0,5.0,250,1800000
Q944071908,145.0,فيلا,4.0,5.0,475,4700000
V578995413,49.0,شقة,4.0,4.0,124,580000
D239878944,146.0,شقة,3.0,3.0,119,920000
Q810378960,32.0,دور,3.0,3.0,242,1500000
E382528629,49.0,شقة,3.0,3.0,124,580000
L142025309,107.0,دور,5.0,3.0,375,970000
U750563705,152.0,شقة,3.0,3.0,131,430000
V184680884,107.0,دور,5.0,3.0,375,1160000
P184680884,107.0,دور,5.0,3.0,375,1160000
L184680884,107.0,دور,5.0,3.0,375,1160000
L193028192,32.0,دور,5.0,3.0,168,990000
I646838519,12.0,فيلا,18.0,14.0,443,1950000
I660559469,63.0,فيلا,5.0,5.0,312,3100000
F400652632,12.0,دور,4.0,3.0,205,750000
U960229704,145.0,دور,3.0,3.0,625,2400000
E951828197,71.0,دور,3.0,3.0,174,1800000
F815764436,87.0,شقة,3.0,3.0,122,753000
L969603036,56.0,شقة,3.0,3.0,131,1017000
H873706738,145.0,دور,3.0,4.0,625,2139000
D458713446,110.0,فيلا,5.0,5.0,416,5950000
A058100334,172.0,شقة,3.0,2.0,115,505000
Z293525426,63.0,شقة,3.0,2.0,1764,849000
U160357250,172.0,شقة,3.0,2.0,115,495000
Q126847710,176.0,شقة,2.0,2.0,75,349000
K034635933,63.0,فيلا,3.0,4.0,1600,1690000
Z759329569,87.0,شقة,4.0,4.0,199,1199000
T440683017,56.0,شقة,3.0,3.0,131,1017000
T760159708,127.0,فيلا,4.0,3.0,179,1460625
B630707937,32.0,شقة,3.0,3.0,182,790000
O500164168,127.0,فيلا,5.0,5.0,260,3464500
Q350504757,127.0,فيلا,5.0,5.0,270,2800000
B291009880,126.0,فيلا,11.0,6.0,306,3000000
P227283547,40.0,شقة,3.0,3.0,128,550000
N625059224,87.0,فيلا,8.0,6.0,285,1800000
V077214143,145.0,فيلا,5.0,5.0,550,4500000
H169903054,63.0,فيلا,5.0,5.0,240,2800000
Y392963755,90.0,فيلا,5.0,5.0,525,7850000
N068128150,90.0,فيلا,5.0,4.0,358,4750000
B214804668,68.0,فيلا,7.0,5.0,200,1100000
G717011063,3.0,فيلا,3.0,3.0,3283,3750000
U316526741,3.0,دور,3.0,3.0,143,1499000
O642055663,3.0,دور,4.0,3.0,115,1799000
S168335658,21.0,دور,4.0,3.0,184,257600
N865815090,90.0,فيلا,5.0,5.0,312,3800000
O785606442,12.0,شقة,3.0,3.0,186,1000000
P923172885,12.0,شقة,3.0,4.0,244,1050000
G454399021,127.0,فيلا,4.0,4.0,900,4400000
U172487156,63.0,شقة,4.0,3.0,91,900000
J206073284,63.0,شقة,5.0,4.0,128,850000
Y036483293,20.0,أرض سكنية,,,300,740000
M540730619,20.0,أرض سكنية,,,352,1000000
K862932057,20.0,أرض سكنية,,,325,850000
E771658095,,أرض سكنية,,,367,850000
E704392909,,أرض سكنية,,,375,850000
H341134427,20.0,أرض سكنية,,,355,880000
B101377285,,أرض سكنية,,,300,780000
K874155203,127.0,فيلا,5.0,7.0,900,4400000
H413613720,32.0,دور,3.0,3.0,177,950000
B888152566,121.0,شقة,3.0,4.0,193,1250000
S687444572,32.0,دور,6.0,6.0,260,1450000
L890601141,63.0,شقة,3.0,2.0,85,900000
N943847768,32.0,دور,3.0,4.0,203,1200000
I260227324,120.0,أرض سكنية,,,375,1650000
D339805906,63.0,أرض سكنية,,,3480,22620000
R560721710,127.0,أرض سكنية,,,312,2340000
B184222190,2.0,شقة,3.0,3.0,127,750000
M380839573,113.0,فيلا,5.0,5.0,902,9000000
K465803846,12.0,شقة,3.0,4.0,600,750000
A405087401,115.0,عمارة سكنية,,,750,1369000
S738734364,146.0,فيلا,4.0,4.0,250,2400000
N785395709,146.0,فيلا,5.0,5.0,250,2400000
E637050772,21.0,شقة,3.0,2.0,219,650000
R747133826,152.0,دور,5.0,4.0,325,610000
E810570002,152.0,شقة,3.0,4.0,131,430000
Y172762403,185.0,فيلا,5.0,5.0,256,2500000
I082104540,87.0,أرض سكنية,,,480,1512000
D326035255,63.0,أرض سكنية,,,608,3040000
B827572344,121.0,دور,4.0,5.0,621,1700000
E076587430,121.0,دور,4.0,4.0,621,1700000
Y154750132,121.0,دور,4.0,4.0,621,1500000
L002411957,121.0,دور,3.0,3.0,216,1550000
B901221022,164.0,فيلا,8.0,7.0,225,900000
L674257519,168.0,دور,3.0,4.0,500,860000
I275460448,168.0,دور,3.0,3.0,500,860000
L338244776,32.0,دور,3.0,5.0,219,1050000
H708646319,32.0,دور,3.0,3.0,260,1450000
E510241016,152.0,عمارة سكنية,3.0,3.0,900,520000
Z423786566,32.0,دور,3.0,3.0,260,1450000
Y925223765,127.0,فيلا,6.0,6.0,300,4400000
R657961725,56.0,فيلا,5.0,6.0,417,4200000
G756784204,69.0,شقة,3.0,3.0,141,1250000
P232949062,159.0,شقة,2.0,3.0,122,900000
O735931138,121.0,فيلا,5.0,3.0,300,3000000
G625634690,110.0,شقة,4.0,3.0,222,1600000
Z003758017,145.0,فيلا,7.0,9.0,360,4800000
J730786004,63.0,فيلا,5.0,8.0,300,3500000
L631334296,145.0,شقة,3.0,3.0,120,1588000
R130026039,139.0,شقة,3.0,2.0,108,950000
K032706222,49.0,شقة,3.0,4.0,124,580000
W139903316,32.0,شقة,4.0,3.0,191,850000
K743964979,21.0,شقة,3.0,5.0,219,350000
L203454532,185.0,فيلا,4.0,3.0,600,3450000
N481293421,121.0,دور,4.0,4.0,621,1500000
Z593160442,185.0,فيلا,5.0,7.0,600,3450000
J790222674,15.0,شقة,3.0,3.0,141,1370000
P147925273,87.0,دور,5.0,6.0,305,1400000
C763515734,32.0,دور,3.0,4.0,203,1150000
K866193376,87.0,دور,3.0,3.0,242,1200000
U145723200,87.0,دور,3.0,3.0,168,1050000
F533278137,12.0,دور,3.0,3.0,205,750000
U470446128,121.0,دور,4.0,4.0,621,1700000
T784403056,180.0,فيلا,3.0,4.0,172,3500000
K278513716,145.0,دور,3.0,4.0,625,2400000
Q045808191,63.0,شقة,3.0,2.0,127,1149000
R268693820,127.0,دور,3.0,3.0,79,1750000
N465075130,63.0,فيلا,3.0,4.0,1600,1690000
B252728346,120.0,فيلا,7.0,5.0,450,4000000
I227283547,40.0,شقة,3.0,3.0,128,550000
D701664873,1.0,فيلا,4.0,5.0,260,950000
Z452790258,90.0,فيلا,6.0,6.0,312,3600000
C810809697,8.0,دور,4.0,4.0,172,900000
P821090663,63.0,فيلا,9.0,6.0,420,3500000
K117578426,68.0,دور,6.0,4.0,227,780000
T597564429,68.0,دور,7.0,4.0,205,590000
U117578426,68.0,دور,6.0,4.0,227,780000
O531226257,63.0,فيلا,8.0,5.0,500,4300000
O723013051,152.0,دور,4.0,4.0,175,540000
E126771413,87.0,دور,4.0,2.0,155,900000
E437468023,73.0,شقة,4.0,3.0,234,820000
M094741666,87.0,شقة,2.0,2.0,103,610000
R219208366,32.0,دور,3.0,4.0,236,1300000
P001048877,110.0,فيلا,5.0,6.0,900,9000000
D357685465,58.0,فيلا,5.0,5.0,300,3400000
Q666681674,68.0,دور,7.0,4.0,205,590000
V191922328,32.0,فيلا,4.0,4.0,182,1280000
R272476809,121.0,دور,3.0,3.0,168,1200000
G383163244,15.0,شقة,4.0,2.0,1001,770000
S314762314,152.0,شقة,3.0,3.0,166,440000
Z227283547,40.0,شقة,3.0,3.0,128,550000
C271342616,145.0,فيلا,4.0,5.0,475,4700000
O065063995,121.0,فيلا,8.0,6.0,437,2800000
E727594817,121.0,دور,3.0,5.0,301,1700000
X468237196,49.0,شقة,3.0,4.0,124,580000
I067502048,121.0,فيلا,4.0,6.0,496,4400000
R750563705,152.0,شقة,3.0,3.0,131,430000
G315034386,152.0,دور,4.0,3.0,214,740000
D355129692,121.0,دور,3.0,2.0,621,1500000
