hospital_id,hospital_name,ownership_type,district_ar,latitude,longitude,المنطقة
RUH-H-001,AL YAMAMAH HOSPITAL -ALMAJAZ CONSULTANT,حكومي,النموذجية,24.6610327,46.699627,جنوب
RUH-H-002,AMAD Hospital for Rehabilitation & Longterm Care,خاص,العارض,24.8565465,46.6393166,شمال
RUH-H-003,AMC hospital,غير محدد,السعادة,24.7048626,46.8354227,شرق
RUH-H-004,Abeer Hospital- Riyadh,خاص,العريجاء الغربي,24.5785393,46.6047267999999,جنوب
RUH-H-005,Al Falah Hospital,خاص,العود,24.6191202,46.7292701,جنوب
RUH-H-006,Al Hammadi Hospital - Nuzha,خاص,النزهة,24.7569024,46.7099013,شمال
RUH-H-007,Al Hammadi Hospital Al Olaya,خاص,العليا,24.709898,46.681757,شرق
RUH-H-008,Al Hammadi Hospital Al-Suwaidi,خاص,السويدي,24.6020747,46.7028594,جنوب
RUH-H-009,Al Iman General Hospital,حكومي,المنصورة (خنشليلة),24.6011041,46.7368366,جنوب
RUH-H-010,Al Jazeera Hospital,خاص,النسيم الغربي,24.713951,46.8467369,شرق
RUH-H-011,Al Osrah International Hospital,خاص,العريجاء الغربي,24.5847129,46.5928863,جنوب
RUH-H-012,Al Safwa Hospital by Majesty,خاص,السليمانية,24.7096711,46.7061360999999,شرق
RUH-H-013,Al Salam Health Medical Hospital,خاص,السلام,24.7039225,46.8019799,شرق
RUH-H-014,Al Yamamah Hospital,حكومي,المنار,24.7161353,46.7934302,شرق
RUH-H-015,Al-Azhar Medical Hospital,خاص,النسيم الشرقي,24.7243361,46.8466877,شرق
RUH-H-016,Aldara Hospital,خاص,المعذر,24.6631702,46.6830794,جنوب
RUH-H-017,Ali Bin Ali Hospital,خاص,العزيزية,24.5753369,46.7674862999999,جنوب
RUH-H-018,Aster Sanad Hospital,خاص,الحمراء,24.7787147,46.7397807,شمال
RUH-H-019,CIDIC Hospital,خاص,السليمانية,24.6853323,46.7054554,شرق
RUH-H-020,Care Medical Hospital - Almalaz,خاص,الزهراء,24.6795292,46.7270979,شرق
RUH-H-021,Care Medical Hospital - Alrawabi,خاص,الروابي,24.70113,46.7799998,شرق
RUH-H-022,"Children's Specialized Hospital, King Fahad Medical City",حكومي,السليمانية,24.6879026,46.7026903999999,شرق
RUH-H-023,Convalescent hospital,حكومي,الدار البيضاء,24.5845974,46.810606,شرق
RUH-H-024,Dallah Hospitals - Alnakheel,خاص,النخيل,24.7469871,46.6516676,شمال
RUH-H-025,Dallah Hospitals - Namar,خاص,نمار,24.5606621,46.6769969,جنوب
RUH-H-026,Dar Al Shefa Hospital,خاص,الوشام,24.6382044,46.7032619,جنوب
RUH-H-027,Dar Al Uloom University Hospital,جامعي,الفلاح,24.7967179,46.7114065,شمال
RUH-H-028,Diriyah Hospital,حكومي,السلمانية - الدرعية,24.788013,46.5586142,غرب
RUH-H-029,"Dr Sulaiman Alhabib Hospital, Al Sahafah",خاص,الياسمين,24.8122181,46.6238784,شمال
RUH-H-030,Dr. Abdul Rahman Al Mishari Hospital - مستشفى الدكتور عبدالرحمن المشاري,خاص,العليا,24.7019037,46.6864243,جنوب
RUH-H-031,Dr. Mohamed AlFaqih Hospital,خاص,الخليج,24.7796729,46.7908725,شرق
RUH-H-032,Dr. Soliman Fakeeh Hospital,خاص,الياسمين,24.8198029,46.6193363999999,شمال
RUH-H-033,Dr. Sulaiman Al Habib Hospital,خاص,الزهرة,24.567413,46.640817,جنوب
RUH-H-034,Dr. Sulaiman Al Habib Hospital - Al Hamra Hospital,خاص,الحمراء,24.7655233,46.7518942,شرق
RUH-H-035,Dr. Sulaiman Al Habib Hospital - Takhassusi,خاص,الرحمانية,24.719211,46.657207,غرب
RUH-H-036,Dr.Sulaiman Al habib Bone Joint and Spine Hospital,خاص,العليا,24.703538,46.6780801,جنوب
RUH-H-037,Family Care Hospital,خاص,الندوة,24.8013096,46.8709594,شرق
RUH-H-038,Global Specialized Hospital,خاص,النهضة,24.7525846,46.8178138,شرق
RUH-H-039,Green Crescent Hospital,خاص,المؤتمرات,24.6724104,46.6903077,جنوب
RUH-H-040,Hayat National Hospital,خاص,الربوة,24.6938745,46.7729306,شرق
RUH-H-041,Health Oasis Hospital,خاص,الملك عبدالله,24.7526286,46.7278723,شرق
RUH-H-042,Imam Abdulrahman Alfaisal Hospital,حكومي,عكاظ,24.5278056,46.6528597,جنوب
RUH-H-043,InterHealth Hospital | مستشفى انترهلث,خاص,جامعة الملك سعود,24.7103028,46.6195894,غرب
RUH-H-044,KKUH (King Khalid University Hospital) - Medical City,جامعي,جامعة الملك سعود,24.7130071,46.6213062,غرب
RUH-H-045,King Abdulaziz Militrary Academy Hospital - KAMAH,غير محدد,غير محدد,24.923458,46.3770099,غرب
RUH-H-046,King Abdullah bin Abdulaziz University Hospital,جامعي,مطار الملك خالد الدولي,24.8369436,46.7231604,شمال
RUH-H-047,King Fahd Hospital,حكومي,الرماية,24.7477506,46.8546418,شرق
RUH-H-048,King Faisal Specialist Hospital & Research Centre,حكومي,المعذر,24.6710498,46.6767261,جنوب
RUH-H-049,King Salman Hospital,حكومي,العريجاء الأوسط,24.6060117,46.6409074,جنوب
RUH-H-050,King Saud Medical City,حكومي,عليشة,24.6297275,46.6901635,جنوب
RUH-H-051,Kingdom Hospital,خاص,الربيع,24.8012016,46.6542855999999,شمال
RUH-H-052,Mouwasat Hospital,خاص,الشهداء,24.7872581,46.7325749,شمال
RUH-H-053,Murad Hospital,خاص,النسيم الشرقي,24.7395569,46.8362977,شرق
RUH-H-054,National Guard Hospital,عسكري/حكومي,خشم العان,24.7439478,46.8578577,شرق
RUH-H-055,Obeid Specialized Hospital,خاص,الضباط,24.6669794,46.7226041,شرق
RUH-H-056,"Obstetrics and Gynecology Hospital, King Saud Medical City",حكومي,عليشة,24.6267839,46.6892489,جنوب
RUH-H-057,Pediatric Hospital - King Saud Medical City,حكومي,عليشة,24.6295933,46.6919998,جنوب
RUH-H-058,Prince Mohammed Bin Abdulaziz Hospital,حكومي,الروابي,24.7104427,46.7920081,شرق
RUH-H-059,Rabia Hospital,خاص,طيبة,24.5634614,46.8417843999999,شرق
RUH-H-060,Riyadh East Hospital,غير محدد,النهضة,24.7524,46.8180226,شرق
RUH-H-061,Riyadh Hospital مستشفى الرياض,خاص,المغرزات,24.7549294,46.7268766,شرق
RUH-H-062,Saudi German Hospital Riyadh - SGH,خاص,الصحافة,24.8006125,46.6278967999999,شمال
RUH-H-063,Venus Hospital,خاص,العليا,24.6776882,46.6849228,جنوب
RUH-H-064,Vera Hospital for Plastic Surgery,خاص,المروج,24.7667365,46.6625188999999,شمال
RUH-H-065,Women's Health Hospital,حكومي,الرماية,24.7516448,46.8630637,شرق
RUH-H-066,Women's Specialized Hospital,حكومي,السليمانية,24.6872184,46.7032738,شرق
RUH-H-067,المدينة الطبية الجامعية,جامعي,جامعة الملك سعود,24.7116774,46.6233857,غرب
RUH-H-068,المدينة الطبية الخاصة بوزارة الداخلية بالرياض,عسكري/حكومي,القيروان,24.9033314,46.5312362,شمال
RUH-H-069,المستشفى الجامعي لطب الأسنان وكليات الرياض لطب والصيدلة,جامعي,المونسية,24.820626640085,46.7824094406134,شرق
RUH-H-070,مدينة سلطان بن عبدالعزيز للخدمات الإنسانية,غير محدد,بنبان,24.9869071924811,46.5267730140722,شمال
RUH-H-071,مركز الملك فهد الوطني لأورام الأطفال,غير محدد,النرجس,24.8300166030269,46.69168782244,شمال
RUH-H-072,مستشفى آرتيه التخصصي,خاص,الملقا,24.8004248,46.6009010999999,شمال
RUH-H-073,مستشفى أنفاس الراحة,خاص,السعادة,24.7049532,46.8360113,شرق
RUH-H-074,مستشفى الأمل,حكومي,الخزامى,24.7194056,46.6036374,غرب
RUH-H-075,مستشفى الاطفال بالسليمانية,غير محدد,السليمانية,24.71085680033,46.6904261454106,شرق
RUH-H-076,مستشفى الامن العام للقوات الطواري الخاصة,عسكري/حكومي,الرماية,24.7770712,46.8707095,شرق
RUH-H-077,مستشفى الحرس,عسكري/حكومي,الرماية,24.749711,46.853946,شرق
RUH-H-078,مستشفى القوات المسلحة,عسكري/حكومي,السليمانية,24.6921481857446,46.7156113225393,شرق
RUH-H-079,مستشفى اللعالمي,غير محدد,البديعة,24.621262,46.681136,جنوب
RUH-H-080,مستشفى الملك خالد التخصصي للعيون,غير محدد,أم الحمام الغربي,24.6953176328632,46.6355124640412,غرب
RUH-H-081,مستشفى الملك سعود للامراض الصدرية,غير محدد,السعادة,24.6915524791259,46.8419072671968,شرق
RUH-H-082,مستشفى النساء والولادة والاطفال بالرياض-اليمامة,غير محدد,المنار,24.7162858,46.793581,شرق
RUH-H-083,مستشفى بنان للجراحات التجميلية,خاص,المرسلات,24.7392146,46.6899191,شمال
RUH-H-084,مستشفى رعاية الرياض,خاص,الروابي,24.7025921772304,46.7854367693446,شرق
RUH-H-085,مستشفى سدك جراحات تجميلية جلدية-ليزر,خاص,السليمانية,24.6852761,46.7054711,شرق
RUH-H-086,مستشفى عرقة,غير محدد,عرقة,24.6911182,46.5845914,غرب
RUH-H-087,مستشفى قوى الأمن الجديد,عسكري/حكومي,القيروان,24.9035349,46.5324278,شمال
RUH-H-088,مستشفيات مديدة - Madeeda Hospitals,خاص,جامعة الملك سعود,24.7115383,46.6297289,غرب
RUH-H-089,"‏Magrabi Eye, Dental & Ear Hospital - (Main Branch) Riyadh",خاص,المحمدية,24.7418604,46.6560829,شمال
