park_id,park_name,district_ar,latitude,longitude,المنطقة
RUH-P-001,حديقة الازدهار الثانية,الإزدهار,24.77145,46.7157409,شمال
RUH-P-002,Iskan Park,الإسكان,24.574856,46.8473506,شرق
RUH-P-003,حديقة البطين,التعاون,24.7630686,46.6964984,شمال
RUH-P-004,حديقة الدريهمية,الدريهمية,24.5868163,46.6883466,جنوب
RUH-P-005,Al Nahda Park North,الربوة,24.695741,46.7500098,شرق
RUH-P-006,Al Natha Park South,الربوة,24.6807009,46.7574346,شرق
RUH-P-007,AlRaja Park,الربوة,24.6976646,46.7659844,شرق
RUH-P-008,حديقة النهضة,الربوة,24.6956092,46.7511414,شرق
RUH-P-009,حديقة الربيع,الربيع,24.792505,46.6518337,شمال
RUH-P-010,MC Park,الرماية,24.7549512,46.866779,شرق
RUH-P-011,Al Rawdah Amusement Park,الروضة,24.7423459,46.7676195,شرق
RUH-P-012,حديقة الروضة,الروضة,24.7313131,46.7749173,شرق
RUH-P-013,حديقة خزان الروضة,الروضة,24.7224931,46.7624541,شرق
RUH-P-014,حديقة منتزه البجيري,الروقية (سمحان) - الدرعية,24.7387948,46.573269,غرب
RUH-P-015,Al Rayan Park,الريان,24.7109596,46.7803227,شرق
RUH-P-016,Al A'arid Garden,السفارات,24.6824772,46.6329784,غرب
RUH-P-017,Al Ghata Garden,السفارات,24.6876989,46.6244899,غرب
RUH-P-018,حديقة الاريج,السلام,24.7102648,46.8120913,شرق
RUH-P-019,حديقة حي السلام,السلام,24.70251,46.8084904,شرق
RUH-P-020,منتزه السويدي,السويدي,24.5970273,46.6949937,جنوب
RUH-P-021,حديقة السويدي الغربي الرابعة,السويدي الغربي,24.5728679,46.6145583,جنوب
RUH-P-022,منتزه الشهداء,الشهداء,24.7910623,46.7423311,شمال
RUH-P-023,حديقة جبل أبو مخروق,الضباط,24.67339,46.725696,شرق
RUH-P-024,حديقة العريجاء الوسطى,العريجاء الأوسط,24.6126147,46.6375827,جنوب
RUH-P-025,Al Thager Park,العليا,24.7000315,46.6788328,جنوب
RUH-P-026,King Fahad Library Park,العليا,24.6862158,46.6878724,جنوب
RUH-P-027,حديقة العليا,العليا,24.6806171,46.6827278,جنوب
RUH-P-028,حديقة العمل,العمل,24.6447865,46.7224637,جنوب
RUH-P-029,حديقة عمر بن الخطاب,العمل,24.6484107,46.7216048,جنوب
RUH-P-030,حديقة العود,العود,24.6277546,46.7203957,جنوب
RUH-P-031,Falah Park حديقة الفلاح,الفلاح,24.7920129,46.7063797,شمال
RUH-P-032,حديقة الفوطة,الفوطة,24.6397246,46.7091517,جنوب
RUH-P-033,حديقة الوطن,الفوطة,24.6445551,46.7104828,جنوب
RUH-P-034,Al Shalal Park,الفيحاء,24.6778915,46.8172417,شرق
RUH-P-035,AlFayha Park,الفيحاء,24.6796808,46.8029934,شرق
RUH-P-036,Neighborhood park,الفيصلية - الدرعية,24.7478807,46.5811363,غرب
RUH-P-037,حديقة مركز الملك عبد العزيز التاريخي,المربع,24.6475444,46.7097939,جنوب
RUH-P-038,حديقة المروج,المروج,24.7578289,46.6708213,شمال
RUH-P-039,Crown Prince Park,المعذر,24.6577288,46.6785626,جنوب
RUH-P-040,حديقة المعالم,المغرزات,24.762293,46.7358141,شرق
RUH-P-041,حديقة الملز,الملز,24.6659019,46.7328831,شرق
RUH-P-042,حديقة دوار الكويت,الملز,24.666211,46.72823,شرق
RUH-P-043,منتزه الملك عبدالله,الملز,24.666544,46.7368455,شرق
RUH-P-044,حديقة الملك سلمان,الملك عبدالعزيز,24.7227176,46.7196601,شرق
RUH-P-045,Al Manakh Park,المناخ,24.6172196,46.7724563,شرق
RUH-P-046,حديقة المنصورة,المنصورة (خنشليلة),24.6119415,46.754317,جنوب
RUH-P-047,حديقة المونسية,المونسية,24.8155354,46.7748965,شمال
RUH-P-048,Al Nasriyah Park,الناصرية,24.656304,46.683914,جنوب
RUH-P-049,حديقة البهاء,النخيل,24.7441695,46.6474522,شمال
RUH-P-050,حديقة النخيل,النخيل,24.7400887,46.6019389,غرب
RUH-P-051,حديقة حي النخيل,النخيل,24.7468932,46.6495901,شمال
RUH-P-052,Al-Narjes Park,النرجس,24.8563476,46.6505294,شمال
RUH-P-053,حديقة النرجس,النرجس,24.8212265,46.679874,شمال
RUH-P-054,حديقة النرجس,النرجس,24.8247919,46.6687098,شمال
RUH-P-055,حديقة النرجس,النرجس,24.8308009,46.664945,شمال
RUH-P-056,حديقة العلا,النزهة,24.7630101,46.7050828,شمال
RUH-P-057,Al Naseem Park,النسيم الغربي,24.730975,46.8141435,شرق
RUH-P-058,منتزة حي النفل,النفل,24.7785957,46.6696951,شمال
RUH-P-059,Al Hada Park,الهدا,24.6588039,46.6270809,جنوب
RUH-P-060,حديقة الواحة,الواحة,24.7360337,46.7198868,شرق
RUH-P-061,حديقة الضحى,الورود,24.7295025,46.67514,شمال
RUH-P-062,حديقة الورود,الورود,24.7189529,46.6763564,شمال
RUH-P-063,حديقة اليرموك,اليرموك,24.8125315,46.8022292,شرق
RUH-P-064,حديقة اليمامة,اليمامة,24.5884489,46.7133022,جنوب
RUH-P-065,منتزة الملك سلمان البري,بنبان,25.003182,46.6005945,شمال
RUH-P-066,حديقة الزمرد,جرير,24.6840088,46.7526396,شرق
RUH-P-067,حديقة السحر,جرير,24.674867,46.7457569,شرق
RUH-P-068,منتزة الجبل الشهباء,جرير,24.6768592,46.7509793,شرق
RUH-P-069,منتزة الهدا,جرير,24.6785075,46.7520591,شرق
RUH-P-070,منتزة جرير,جرير,24.6805046,46.749436,شرق
RUH-P-071,حديقة السلام,سلام,24.6209799,46.708525,جنوب
RUH-P-072,الحديقة العلمية,صلاح الدين,24.7391472,46.6969128,شمال
RUH-P-073,حديقة الدوح,طويق,24.5803293,46.586651,جنوب
RUH-P-074,حديقة الغروب,ظهرة البديعة,24.5975893,46.653148,جنوب
RUH-P-075,حديقة ظهرة لبن,ظهرة لبن,24.6554298,46.5714055,غرب
RUH-P-076,حديقة لبن,ظهرة لبن,24.6368017,46.5542958,غرب
RUH-P-077,حديقه لبن,ظهرة لبن,24.6368412,46.5541729,غرب
RUH-P-078,حديقة غبيرة,غبيرا,24.6174826,46.7314804,جنوب
RUH-P-080,Diriyyah Park حديقة الدرعية,غير محدد,24.7379379,46.5732065,غرب
RUH-P-081,حديقة حي قرطبة,قرطبة,24.8105762,46.7483874,شمال
RUH-P-082,حديقة حي قرطبة,قرطبة,24.8104676,46.7484661,شمال
RUH-P-083,حديقة قرطبة,قرطبة,24.8160686,46.7382792,شمال
RUH-P-084,حديقة السعودية,مطار الملك خالد الدولي,25.0051742,46.6439506,شمال
RUH-P-085,حديقة الملك عبدالعزيز,مطار الملك خالد الدولي,24.8528943,46.6964126,شمال
RUH-P-086,منتزه الرمال الرياضي,مطار الملك خالد الدولي,24.9068392,46.7749467,شمال
RUH-P-087,منتزه سد وادي نمار,نمار,24.5730216,46.6829673,جنوب
