District name,lat,lon,sector_code,num_services,sector_name
AD-DAR AL- BAIDA,24.5660977825,46.784781263125,4.0,32,الجنوب
AD-DIFAA,24.57905017,46.83015844,4.0,1,الجنوب
AD-DIRAH,24.6338551125,46.713504925,1.0,4,الوسط
AD-DOBBAT,24.68141278181818,46.72139440666667,1.0,33,الوسط
AD-DURAIHEMIYAH,24.58770665333334,46.69444019,5.0,3,الغرب
AL- NADWAH,24.793131230000004,46.877594210909095,3.0,11,الشرق
AL-AMAJIYAH,24.44172056,46.97942474,4.0,1,الجنوب
AL-AMAL,24.644727748333334,46.717922630555556,1.0,18,الوسط
AL-ANDALUS,24.743012765714287,46.789012320714285,3.0,14,الشرق
AL-AOUD,24.625237201666664,46.727901725,1.0,6,الوسط
AL-AQEEK,24.777239410897437,46.6283384875641,2.0,78,الشمال
AL-ARID,24.873560478157895,46.612194014736836,2.0,38,الشمال
AL-ASEMAH-AD DIRIYAH,24.758771154999998,46.57691408,6.0,2,الدرعية
AL-AZIZIYAH,24.5883077512,46.764854146400005,4.0,50,الجنوب
AL-Awaly,24.5569701925,46.616413893,5.0,20,الغرب
AL-BADEAH,24.619223142727275,46.68176991818182,1.0,11,الوسط
AL-BARIYAH,24.574869355,46.890158785,4.0,2,الجنوب
AL-BOTAIHA,24.62101843,46.72190176,1.0,1,الوسط
AL-EZDIHAR,24.778292894074074,46.7161993362963,1.0,27,الوسط
AL-FAIHA,24.681703506153845,46.81206247307693,4.0,13,الجنوب
AL-FAISALIYAH,24.634215424285713,46.77561850285714,1.0,7,الوسط
AL-FAISALIYAH-AD DIRIYAH,24.74860542,46.58098805,6.0,2,الدرعية
AL-FAKHIRIYAH,24.63913764,46.681953565,1.0,2,الوسط
AL-FALAH,24.797614082571428,46.705651757714286,2.0,35,الشمال
AL-FARUQ,24.659020375882353,46.783165554117645,1.0,17,الوسط
AL-FUTAH,24.641218776666665,46.71250557666667,1.0,6,الوسط
AL-GHADEER,24.771346988571427,46.65707648678572,2.0,28,الشمال
AL-GHANAMIYAH,24.479534986666664,46.80438855333333,4.0,3,الجنوب
AL-HADA,24.661698972499998,46.6300416125,1.0,4,الوسط
AL-HAIER,24.405250528,46.83801843,4.0,5,الجنوب
AL-HAMRA,24.776836764375002,46.760890205625,3.0,16,الشرق
AL-HAZM,24.5396824785,46.650755217,5.0,20,الغرب
AL-ISKAN,24.56819106,46.83629093,4.0,1,الجنوب
AL-JANADRIYAH,24.82778048666667,46.87562598722222,3.0,18,الشرق
AL-JARRADIYAH,24.61828493,46.69924853,1.0,1,الوسط
AL-JAZEERAH,24.667411165714288,46.78972992571429,4.0,7,الجنوب
AL-KHALEEJ,24.774923496,46.80208266,3.0,30,الشرق
AL-KHALIDIAH,24.62568039111111,46.75285877222222,1.0,9,الوسط
AL-MAHDIYAH,24.643801904999997,46.49424141,5.0,2,الغرب
AL-MAIZALIYAH,24.801115736666663,46.844918713333335,3.0,3,الشرق
AL-MALAZ,24.6641041175,46.73187975411764,1.0,68,الوسط
AL-MALQA,24.80246651219512,46.61227104,2.0,82,الشمال
AL-MANAKH,24.615867942,46.80754944,4.0,5,الجنوب
AL-MANAR,24.724004161,46.798829782,3.0,10,الشرق
AL-MANSURAH ( KHANSHALILAH ),24.609109115625,46.74437222125,1.0,16,الوسط
AL-MARGAB,24.63345438,46.719849073333336,1.0,3,الوسط
AL-MARWAH,24.54551391733333,46.676738203333336,4.0,15,الجنوب
AL-MASANI,24.568121355,46.74751852428572,4.0,14,الجنوب
AL-MASEEF,24.767827491923075,46.68313766615385,1.0,26,الوسط
AL-MASHAEL,24.618366362499998,46.853054764999996,4.0,4,الجنوب
AL-MATHAR,24.669561715,46.674904335,1.0,4,الوسط
AL-MISFAH,24.494673766,46.938330539999995,4.0,5,الجنوب
AL-MUANISIYAH,24.827120105757576,46.76860459545455,3.0,33,الشرق
AL-MUHAMMADIYAH,24.730685184000002,46.650428208,1.0,5,الوسط
AL-MURABA,24.660369239473685,46.70725563263158,1.0,19,الوسط
AL-MUROOJ,24.756390330444447,46.66376204755556,1.0,45,الوسط
AL-MURSALAT,24.750389706923077,46.68817463384615,1.0,13,الوسط
AL-MUTAMARAT,24.6665017275,46.68646466,1.0,4,الوسط
AL-NAKHEEL,24.73935275777778,46.616643814444444,1.0,9,الوسط
AL-NUZHA,24.757870751764706,46.70760446088235,1.0,34,الوسط
AL-OLAYA,24.693869856351352,46.68562061675676,1.0,74,الوسط
AL-QADISIYAH,24.81928020666667,46.81816783888889,3.0,9,الشرق
AL-QAIRAWAN,24.832977240714285,46.59321948678571,2.0,28,الشمال
AL-QUDS,24.75392090923077,46.75180803230769,3.0,13,الشرق
AL-URAIJA,24.62692257,46.66473118,5.0,1,الغرب
AL-WADI,24.78865304147059,46.693525017058825,2.0,34,الشمال
AL-WAHAH,24.743521438333335,46.71439086,1.0,6,الوسط
AL-WESITA,24.62749577,46.71402149,1.0,1,الوسط
AL-WISHAM,24.63850785,46.693192945,1.0,2,الوسط
AL-WIZARAT,24.680431622222223,46.71346707666666,1.0,18,الوسط
AL-WOROUD,24.722765518333333,46.678958371111115,1.0,18,الوسط
AL-YAMAMAH,24.598914089999997,46.71710092,1.0,3,الوسط
AL-YARMUK,24.8085688103125,46.782317646875,3.0,32,الشرق
AL-YASMEEN,24.820742843035713,46.645979219285714,2.0,56,الشمال
AN-NADA,24.80929286809524,46.6876311852381,2.0,21,الشمال
AN-NADHEEM,24.810975342272727,46.88861423318181,3.0,22,الشرق
AN-NAFEL,24.78124215576923,46.671616754615386,2.0,52,الشمال
AN-NAHDAH,24.759511350666667,46.813074155,3.0,30,الشرق
AN-NAMUTHAJIYAH,24.66282757666667,46.69875254666667,1.0,3,الوسط
AN-NARJIS,24.843920017755103,46.67402080734694,2.0,49,الشمال
AN-NASIRIYAH,24.652367353333332,46.674889916666665,1.0,3,الوسط
AN-NOOR,24.63387852625,46.81238022625,4.0,8,الجنوب
AR-RABI,24.795637523541668,46.659785005833335,2.0,48,الشمال
AR-RABWAH,24.690676455,46.758711202307694,1.0,26,الوسط
AR-RAED,24.707403303333333,46.63772232,1.0,6,الوسط
AR-RAFEAH,24.634308642500002,46.672686895,1.0,4,الوسط
AR-RAHMANIYAH,24.716896675,46.665799785000004,1.0,2,الوسط
AR-RAWABI,24.69250999333333,46.786547686111106,3.0,18,الشرق
AR-RAWDAH,24.732437265714285,46.76710045952381,3.0,21,الشرق
AR-RAYAN,24.70708448272727,46.779731261818185,3.0,11,الشرق
AR-RIMAL,24.867007097560975,46.81026455097561,3.0,41,الشرق
AS-SAADAH,24.697222724285716,46.84217212857143,4.0,21,الجنوب
AS-SAFA,24.67170717666667,46.769980913333335,1.0,3,الوسط
AS-SAFARAT,24.677388116666666,46.62402176999999,1.0,3,الوسط
AS-SAHAFA,24.801143439866667,46.6382422208,2.0,75,الشمال
AS-SALAM,24.705818092,46.81346569,3.0,15,الشرق
AS-SALHIYAH,24.63315281,46.734903474999996,1.0,2,الوسط
AS-SINAIYAH,24.643633361428574,46.744330129999994,1.0,7,الوسط
AS-SULAI,24.663641319130434,46.84117619173913,4.0,23,الجنوب
AS-SULAIMANYAH,24.69760600090909,46.70195120181818,1.0,44,الوسط
AS-SUWAIDI,24.59416470304348,46.67945479782609,5.0,23,الغرب
AS-SUWAIDI AL-GHARBI,24.57466421785714,46.62057007714286,5.0,14,الغرب
ASH-SHARAFIYAH,24.65503800666667,46.67103816,1.0,3,الوسط
ASH-SHIFA,24.560776771666667,46.692998145416674,4.0,24,الجنوب
ASH-SHOHDA,24.786508479333335,46.735383024,3.0,15,الشرق
ASH-SHOMAISI,24.623775672857143,46.699178471428574,1.0,7,الوسط
AT-TAAWUN,24.773017426000003,46.70151550866667,1.0,30,الوسط
AZ-ZAHRA,24.577981194166668,46.64492352,5.0,12,الغرب
AZ-ZAHRAA,24.688321697142857,46.728509204285714,1.0,7,الوسط
Al Bayan,24.87704124166667,46.86080373666667,3.0,6,الشرق
Al Fursan,25.00256539,47.20537115,3.0,1,الشرق
Al Mashriq,25.00681234,47.025496055000005,3.0,2,الشرق
Al Ola,25.01971122,47.17919052,3.0,1,الشرق
BADER,24.543426460000003,46.708690986956526,4.0,46,الجنوب
BINBAN,25.0056833825,46.4994233225,2.0,4,الشمال
DAHIAT NAMAR,24.479939811666668,46.55901640833333,5.0,6,الغرب
DAHRAT AL-BADEAH,24.596249653333334,46.64571012333333,5.0,15,الغرب
DAHRAT LABAN,24.63257433262295,46.54532483180328,5.0,61,الغرب
DAHRAT-AL-ODAH-GHARB-AD DIRIYAH,24.73887522,46.51646969,6.0,1,الدرعية
DAHRAT-AL-ODAH-SHARQ-AD DIRIYAH,24.752989266666663,46.545381666666664,6.0,3,الدرعية
DIRAB,24.494768727500002,46.627295445,5.0,8,الغرب
EAST AN-NASEEM,24.73785534475,46.841263431499996,3.0,40,الشرق
EAST UMM AL-HAMAM,24.68318327333333,46.660760966666665,1.0,3,الوسط
GHIRNATAH,24.798429255714286,46.7509884,3.0,7,الشرق
GHUBAIRA,24.61717348125,46.73286223625,1.0,8,الوسط
HEET,24.44367137,47.00045309,4.0,1,الجنوب
HITTEEN,24.75946555282051,46.59884287692308,2.0,39,الشمال
IRQAH,24.689019646666665,46.59357851666667,5.0,6,الغرب
ISHBILIYAH,24.791888816153843,46.78771155538462,3.0,13,الشرق
JABRAH,24.6233282375,46.722056785,1.0,4,الوسط
JAREER,24.676378063999998,46.748052214,1.0,10,الوسط
KHASHM AL ANN,24.718537555,46.857776470000005,3.0,2,الشرق
KING ABDUL AZIZ,24.697398526666667,46.723662538,1.0,15,الوسط
KING ABDULLAH,24.742177169999998,46.735978885,1.0,4,الوسط
KING FAHD,24.740647359444445,46.670854885000004,1.0,18,الوسط
KING FAISAL,24.765415554444445,46.77475042277778,3.0,18,الشرق
KING KHALID INT.AIRPORT,24.866685335714287,46.72765016285714,2.0,7,الشمال
KING SAUD UNIVERSITY,24.72999441,46.628198499999996,1.0,3,الوسط
LABAN,24.632991818,46.61504336,5.0,5,الغرب
MANFUHA,24.59870703125,46.7271103775,1.0,8,الوسط
MANFUHA AL-JADEEDAH,24.6136929175,46.7212822225,1.0,4,الوسط
MEEKAL,24.61922412,46.71451341,1.0,1,الوسط
MIDDLE AL-URAIJA,24.607115951739132,46.632903912173916,5.0,23,الغرب
MUGHARAZAT,24.761650657894737,46.725375039210526,1.0,38,الوسط
NAMAR,24.576444327272725,46.68950185272727,5.0,11,الغرب
NEW INDUSTRIAL CITY,24.555946057142854,46.87829319714285,4.0,7,الجنوب
NORTH AL-MATHAR,24.69095372,46.66931166125,1.0,8,الوسط
OHOD,24.48991739,46.630176506666665,4.0,3,الجنوب
OKAZ,24.526313496666667,46.66043722222222,4.0,9,الجنوب
OLAISHAH,24.629848162000002,46.686962162,1.0,5,الوسط
QURTUBAH,24.818018944444443,46.73884345111111,3.0,18,الشرق
SALAH AD DEEN,24.73272252,46.6888211925,1.0,12,الوسط
SHUBRA,24.57416798894737,46.666430913157896,5.0,19,الغرب
SIYAH,24.60257095,46.70098133,1.0,1,الوسط
SKIRINAH,24.62011152,46.71758259,1.0,1,الوسط
SULTANAH,24.60381663714286,46.68822824857143,5.0,7,الغرب
TAYBAH,24.565517405,46.838034594999996,4.0,2,الجنوب
THULAIM,24.64024677333333,46.73101308666667,1.0,3,الوسط
TWAEEQ,24.568896079880954,46.546589727380955,5.0,84,الغرب
UMM-SALEEM,24.63342935142857,46.696741454285714,1.0,7,الوسط
UTAYQAH,24.603935014545456,46.70922867272727,1.0,11,الوسط
WEST AL-ORAIJA,24.590234647647062,46.601543279705886,5.0,34,الغرب
WEST AN-NASEEM,24.72566982117647,46.82423595568628,3.0,51,الشرق
WEST UMM AL HAMAM,24.689802736923074,46.64606636153846,1.0,13,الوسط
