اسم_الحي,المنطقة,عدد_خدمات_ترفيهية,عدد_خدمات_تجارية,إجمالي_الخدمات,أسماء_الخدمات,أنواع_الخدمات
TWAEEQ,الغرب,0,84,84,"Abdullah Al Othaim Markets Company Twaeq Branch, Abdullah Al Othaim Markets Company Twaeq Branch, Al Aziziyah Panda United Company, Al Othaim Markets, Nasser Fuel Station, Al Ubathani Fuel Station, Mohammad Abdullah Gas Station, Aldrees Fuel Station, Sawahel Najd Fuel Station, Abdulaziz Tali Al Mutawwe' Fuel Station, Al Ghamdi Gas Station, Farhan Petro Station, Kamih Asal Huneif Al Qahtani Petrol Station, Al Qahtani Gas Station, Aldrees Fuel Station, Al Khuneiver Petrol Station, Hassan Amer Al Ajami Gas Station, Saleh Yaslem Al Khayr in Al Obaid Fuel Station, Sahel Gas Station, Al Sebai'ee Petrol Station, Al Ghamdi Gas Station 2, Twaeq Gas Station, Rabih Balhabak Gas Station, Twaeq Gas Station, Masayef Petrol Station, Sahel Fuel Station, Petro Jadaf Gas Station, Falcon Station for Petroleum Services, Aldrees Fuel Station, As Suhaimi Petrol Station, Al Haddadi Gas Station, Al Omairi Gas Station, Al Akhawan Petrol Station, Al Ghamdi Gas Station, Sobh Al Khaleej Fuel Station, Atayeb Dunya Fuel Station, ENOC Fuel Station, Thabat Gas Station, Aldrees Fuel Station, Al Ghamdi Gas Station, My Car Supplies Fuel Station, Al Omari Fuel Station, Masha'el Abdullah Al Sahli Fuel Station, Tabuk Fuel Station, Al Tamayyoz Quick Gas Station, Twaeq Gas Station, Hasan Sayyadi Gas Station, Saleh Al Omari Gas Station, Al Ghamdi Fuel Station, Ar Rimal Gas Station, Naft Petrol Station, Aldrees Gas Station, Al Qahtani Gas Station, Petromin Gas Station, Petromin Gas Station, Al Hijaz Gas Station, Twaeq Gas Station, Twaeq Petrol Station, Golden Oil Station, La Casa - Hotel Apartments, Al Mehri Grocery Store, Al Ghadeer Towers Grocery Store, Al Rukun Al Zahi Grocery and Bakeries, Twaeq Grocery Store, Farm Supermarket, Al Barak Chain Grocery and Bakeries, Sunna' Al Adaa Grocery Store, Twaeq Grocery Store, Twaeq Grocery Store, Sunset Star Trading Grocery Store, Salat Ghala Vegetables and Grocery Store, Roissy Grocery Store, Basatin Al Zad Bakery and Center, Dallah Al Qaseem Food Markets, Namar Food Markets, White Quartz Establishment Grocery Store, Abdullah Al Othaim Markets, Wadi Quraish Bakeries and Grocery Stores, Farm Market, Khairat Al Bashaer Grocery Store, Jood Al Makarem Bakeries and Grocery Stores, Rukun Al Azhari Bakeries and Grocery Stores, UDay Supermarket, Nawal Grocery Store","Gas station, Grocery store, Hotel apartments, Market store, Petrol station, Supermarket"
AL-MALQA,الشمال,4,78,82,"Sky Zone, Sky Zone, Snowy Forest, Lambee Tily, Danube Co. for Food and Luxuries Al Malqa Branch, Al Tamimi Markets Company, Sahara Gas Station, Al Jam'an Fuel Station, Capital Corner Center for Car Services, GO station Petrol, Jahez Fuel Station, J Oil Fuel Station, Naft Gas Station, Al Malqa Fuel Station, Raed Al Shamali Gas Station, Doolv Hotel, Nasima Hotel, Housing Pillars Grocery Store, Jood Bakeries and Grocery Stores, Al Qusaim Food Market, Janayen Al Malqa Grocery Store, Ain Square Hittin, Telal Al-Malqa, Nova 1, Mon Mart, V Plaza, Voyage Residents, Qow Station (Gas Station), National Petrol Station, Elite Hotel Suites, Al-Malqa Branch, commercial complex, commercial complex, Topaz Hotel Suites, Al-Malqa, commercial complex, commercial complex, commercial complex, 180 Hotel for Furnished Residential Units, Skoun Al-Malqa, Randa Hotel, Bait Al Jood Serviced Housing Units, Amar for Furnished Residential Units, Self-Entry Hotel Studios, Asfar Plaza, Golden Lists for Furnished Residential Units, Drar Daria Hotel Apartments - Al-Malqa 2, Aknan Hotel Apartments, Al-Malqa Supermarket, First Abu Dhabi Bank, commercial complex, commercial complex, commercial complex, commercial complex, SNB AlAhli, Downtown Hostel, commercial complex, Al Ahli Bank, Jawaher Al-Malqa Apartments for Residential Units, Model Markets, Ham Al-Sahab, Aseel Al-Malqa Apartments, Dayala for Serviced Apartments, Aram 2 Inn Hotel Apartments, Daria Furnished Apartments, THWARY Hotel, Rafah Hotel Apartments - Al-Malqa District, Hosta Al-Malqa, QASR ALAWANI, Bed Corner, Al Shumookh Al Dhahabi Trading Markets, Dolph for Serviced Apartments, Shaha furnished apartments, Riyadh Luxury, Aber 101, Rawae Al Ilm Library and Stationery, Celine Home Hotel Suites - Al-Malqa District, Yammah Palace for Residential Units, commercial complex, commercial complex, Mabaat - Al Malqa 3 BR Apt - 365, commercial complex, Al Makan Mall, AMC Al Khair Cinema - Al Makan Mall","Bank, Commercial center, Commercial complex, Gas station, Grocery store, Hotel, Hotel apartments, Hypermarket, Market store, Not available, Petrol station, Residential units, Supermarket, ترفيهي"
AL-AQEEK,الشمال,1,77,78,"Noor Riyadh, Danube Co. for Food and Luxuries, SPAR Co. Supermarkets, Saudi Company for Comprehensive Stores (Carrefour), Al Jazeera Super, Al Jam'an Gas Station, Al Jam'an Gas Station, Aldrees Gas Station 294, Thabat Gas Station, Fuel System Station, Al Jefen Fuel Station, Petromin Gas Station, Excecutives Hotel, Roof Hotels and Resorts, Executive Hotel, Commercial complex, Commercial complex, Mazmooma Fuel System Markets, Furnished Apartments, commercial complex, Idris Station, Agthan Al Tuffah Markets and Bakeries, commercial complex, Hala Mart Markets and Bakeries, commercial complex, Lebanon Hotel Apartments, commercial complex, Bestana Hotel Apartments, Makas 3 Hotel Apartments, Pansy Serviced Apartments, Arab Bank, commercial complex, Fuel Station, Fuel Station, Riyadh Bank, Rafa Hotel, Qasr Al Aqiq Furnished Residential Units, HDB Hotel - Financial Center, Supermarket, Al Rajhi Bank, commercial complex, commercial complex, Abu Khamsa Real, Al Farhan Hotel Suites, Makarem Najd, Randa Furnished Residential Units, Daily Rental Apartments - Self-Entry, Zahraa Rihayen Markets, Lulwa Al Thurya Furnished Residential Units - Aqiq Branch, commercial complex, Bestana Hotel Apartments 3, Madar Al Fosoul Suites for Furnished Apartments, Rakan Kanan Markets for Foodstuffs, commercial complex, Bestana Hotel Apartments 2, Aqwat Markets, Dormira Hotel, Al Rabie Mart, Mowan Markets, Organic Store, Reef Shaqraa - Aqiq, Farm Vegetables Markets, Grand Plaza Hotel - Financial Center Riyadh, Al Rajhi Bank, Rakan Al Batool Supermarket, BAKALA Grocery Store, Saudi Central Bank, La Casa, Sweety Serviced Apartments, Mubat Hotel Apartments, Saudi Arabian National Bank (Al Ahli Bank) - Head Office, National Bank of Iraq, Riyadh Bank Head Office, Al Ahli Bank Head Office, Riyadh Park Mall, The 303 KAFD, VOX Cinema - Riyadh Park Mall, AMC Cinema - KAFD","Bank, Commercial center, Commercial complex, Gas station, Grocery Store, Hotel, Hotel apartments, Hypermarket, Not available, Petrol station, Residential units, Supermarket, ترفيهي"
AS-SAHAFA,الشمال,1,74,75,"Joy Zone, Al Omran Fuel Station, Aldrees Fuel Station, Aldrees Fuel Station, Peninsula Petrol Station, Asia Petrol Station, Asia Petrol Station, SASCO Fuel Station, Najd Deserts Gas Station, Ayan Hotel & Suites, Ascott Rafal Hotel, Boudl Hotel, Rafal Kempinski Hotel, Swiss International Royal Hotel, Swiss Spirit Hotel, Al Sadhan Hypermarket, Jumeirah Markets and Bakeries, Thimar Al Oqailat Grocery Store, Fulmar Mart, Panda Supermarket, Remarks, Celine Home Al-Sahafa, commercial complex, Saudi French Bank, Othaim Markets, commercial complex, commercial complex, commercial complex, Solitaire Mall, Novotel Hotel, Crown Rose Hotel, Elite Mullaqa Hotel, Engineers Hotel, Dormira Hotel Apartments, Lambert Hotel, Fairmont Ramla Hotel Apartments, Al Karkh Luxury Hotel Apartments, Markets and Bakeries 206, Asia Basket Markets and Bakeries, commercial complex, Ala Kifak, Banque Saudi Fransi (Banque Saudi Fransi Branch), commercial complex, Al Muzara Markets, commercial complex, commercial complex, Saniyah Commercial Center Sahafa Branch, commercial complex, commercial complex, commercial complex, commercial complex, Sultana Baskets, commercial complex, commercial complex, Station, Al Rajhi Bank, Tawaran Furnished Residential Units, commercial complex, Myrtle Hotel, Anan Hotel, Hudb Sahafa Hotel, Al Sarhan Tower Hotel, commercial complex, commercial complex, Bank AlJazira (Al Jazeera Bank), commercial complex, Bank Al Jazira (Al Jazeera Bank), commercial complex, commercial complex, commercial complex, Zahra Al-Mudhish Markets and Bakeries Sahafa, Dar Hashem Serviced Apartments, Shorfa Hotel, Elite Hotel Suites, Executives Hotel","Bank, Commercial center, Commercial complex, Gas station, Grocery store, Hotel, Hotel apartments, Hypermarket, Market store, Not available, Petrol station, Residential units, Supermarket, ترفيهي"
AL-OLAYA,الوسط,2,72,74,"Chuck E. cheese, Fun Gate, Al Othaim Markets Company, Al Jazeera Markets Company Ltd., Al Jazeera, Al Tamimi Markets Company, Asia Gas Station, Naft for Petroleum Services, Al Olaya Petrol Station, Aldrees for Petroleum Services, Sahel Gas Station, Aldrees Gas Station, Al Dhaher Gas Station, Asia Gas Station, Ibis Hotel, Aloft, Obaer Hotel, Excecutives Hotel, Al Khuzama Hotel, Al Faysaliyah Hotel, Braira Hotel - Al Olaya, Sixty Three - Hotel Apartments, Hyatt Regency, Rosh Rayhaan Rotana, Fraiser Suites - Hotel Apartments, Four Seasons Hotel, Holiday Inn - Al Olaya Palace, Al Waha Palace Hotel, Carawan Al Fahad Hotel, Riyadh Spectrums Hotel, Courtyard Marriott Hotel, Mena Riyadh Hotel, Narcissus Hotel, Novotel Al Anoud, Novotel Suites Dyar, Hilton Garden Inn, Holiday Inn Al Olaya, Holiday Inn - Al Meydan, Coral Olaya Hotel, Mabuti Grocery Store, Reemtna Market, Jawhara Grocery Store, Al Olaya Grocery Store, Centria Mall, Al Faysaliya Mall, Kingdom Mall, Localizer Mall, VOX Cinema - Kingdom Center, Al-Muhayyib Al-Ulya - Al-Haraj, Al-Muhayyib Al-Ulya 3, Janaadain Residential Units, Retaj Furnished Apartments, Bayt Lemar Hotel Suites, Dorr Al-Andalus Furnished Residential Units, Novotel Suites, Comfort Inn Suites Riyadh Al-Ulya, Al Tayyar for Suites and Hotel Apartments, Hospitality Hotel, Andalusia Hotel, Days Inn Al-Ulya, Rio Hotel, Business Inn Hotel, Ibis Express - Al-Ulya, Talin Hotel, Dalian Hotel, Gudian Hotel, Heaven Plaza Hotel, Sasko, Riyadh Bank, Saudi Al Ahli Bank, Saudi French Bank (Sulaimaniyah Branch), Al Mahaydib Al Olaya Khurais, Crowne Plaza Gulf Hotel, Budl Khurais Hotel","Bank, Commercial center, Gas station, Grocery store, Hotel, Hotel apartments, Market store, Not available, Petrol station, Residential units, ترفيهي"
AL-MALAZ,الوسط,0,68,68,"Al Aziziyah Panda United Company (Panda Markets), Al Ayyaf Gas Station, Aldrees Gas Station, Al Musnad Gas Station, Al Atoz Petrol Station, Al Malaz Gas Station, As Sayer Fuel Station, Tas'helat Gas Station, Al Malaz Gas Station, Aldrees Gas Station, Aldrees Gas Station, AC Delco Gas Station, Gold Wells Gas Station, Aldrees Gas Station, Zaiti Gas Station, Express SAMA Station, Gold Wells Gas Station, Al Ahliya Fuel Station, Sadeer Oasis Intercity Hotel, Abdullah Al Othaim Markets, Al Malaz Grocery Store, Nesto Hypermarket, Nawal Bint Hamed Al Anzi Grocery Store, Al Menhali Bakeries and Grocery Store, Turki Mohammad Al Mosleh Grocery Store, Apartments for rent Riyadh, Al Ahli Commercial Bank, Riyadh Bank, Al-Muhaidib Salahuddin - Al Malaz, Bank Al Bilad Branch, Jabal Al Namas Commercial Markets, Riyadh Riff Hotel International, Life Tower Furnished Suites, Al-Muhaidib Units - Al Firdous Square, Malaz, Q Hotel, Happiness Suite, Commercial Complex, Dhuha Nira Furnished Apartments, Tameemi Markets, Al-Muhaidib Hotel Suites, Saba Malaz Hotel, Al Rajhi Bank, Al-Muhaidib Hotel Suites, National Commercial Bank, Lulu Hypermarket, International House School of Butterflies, Al Rajhi Bank, Nasq for Furnished Apartments 1, Nasq for Furnished Apartments, Al Ahli Commercial Bank, Al-Muhaidib Jarir, InterCity Hotel, Wafa Hypermarket, Malaz, Ewan Tower for Furnished Residential Units, Othaim Markets, Reem Malaz Furnished Residential Units, Reem Malaz Furnished Residential Units, Rayah Tower Hotel Apartments, Al-Muhaidib Malaz University, Asoul Residential Units, Layalina Hotel Apartments, Al Diyar Furnished Apartments, Talin Hotel Group, Waroq Riyadh Hotel, Othaim Markets, Durrat Riyadh Apartments, Rukn Al Sultan Furnished Apartments in Malaz, Golden Dion Malaz","Bank, Commercial complex, Gas station, Grocery store, Hotel, Hotel apartments, Hypermarket, Market store, Not available, Petrol station, Residential units"
DAHRAT LABAN,الغرب,0,61,61,"Abdullah Al Othaim Markets Company Dahrat Laban Branch, Al Aziziyah Panda United Company, Abdullah Al Othaim Markets Company Laban Aseer Road Branch, Thabat Gas Station, Mshwar Al Yusur Petrol Station, Mohammad Jam'an Al Ghamedi Gas Station, Haya Abdullah Saad Al Zeer Gas Station, Saleh Hussein Al Zarwi Gas Station, Sa'ud Station for Petroleum Services, Belhbak Gas Station, Thabat Gas Station, Jawaher Petrol Station, Planet Al Jazeera Petrol Station, Farhan Bin Mohammad Gas Station, Dahrat Laban Petrol Station, Kassab Gas Station, Horizons Gas Station, Abr Al Seneen Gas Station, Zain Gas Station, Sanya Petrol Station, Iqbal Gas Station, Belhbak Gas Station, Belhabak for Petroleum Services, Saleh Hamdan Saleh Al Omari Gas Station, National Treasures Gas Station, Bader Fallah Mohammad Al Zamel Gas Station, Aldrees Gas Station, Al Thiabi Gas Station, Black Oil Station, Al Zeer Petrol Station, Al Ghamedi Fuel Station, Lamsat Retage Gas Station, Al Sebai'ee Gas Station, Al Mouhaimadi Gas Station, Naba' Khurais Gas Station, Al Ghamedi Gas Station, Ibrahim Sulaiman Abdullah Al Arini Gas Station, Sahara Gas Station, Petro Shed Al Rahhal Station, Al Zeer Station for Petroleum Services, Al Sebai'ee Gas Station, Petro Sama Station, Al Hamdani Gas Station, Al Ghamdi Gas Station, Al Ghamdi Fuel Station, Car Supply Fuel Station, Makeen Homes - Hotel Apartments, Abdullah Grocery Store, Zawaya Al Tayyibat Grocery Store, Watan Global Grocery Store, Dahrat Laban Grocery Store, Abed Al Rahman Al Otaibi Grocery Store, Abdullah Al Othaim Markets, Urjuwan Central Markets, Al Marasem Central Bakeries and Grocery Stores, Al Othaim Markets, Thimar Al Baraka Central Bakeries and Grocery Stores, Al Nahdi Markets, Tala and Ziad Grocery Store, Al Harbi Central Markets, Dorrat Al Reef Markets","Gas station, Grocery store, Hotel apartments, Market store, Petrol station"
AL-YASMEEN,الشمال,2,54,56,"Color Motion, Chuck E. cheese, Al Jazeera Express, Abdullah Al Othaim Markets Company Al Yasmeen Branch, Lulu Saudi Company for Major Markets Ltd., Danube Co. for Food and Luxuries Al Yasmeen Branch, Abdullah Al Othaim Markets Company, Al Tamimi Markets, Abdullah Al Othaim Markets Company Al Yasmeen Branch, Wafi Gas Station, Al Khuneifer Fuel Station, Al Jam'an Station for Car Services, Fuel System Station, National Petrol Station, Aldrees Gas Station, Omar Salem Al Jawhari Gas Station, Fuel System Station, Al Hadaf Petrol Station, Antor Hotel, Olian Hotel, The Sama Inn - Hotel Apartments, Aber Al Tasmin Hotel, Aber Al Sahafa Hotel, Malfakum - Hotel Apartments, Salat Al Yasmin Markets, Qotuf Al Qassim Markets, Salat Al Kifah Markets, Jawharat Al Yasmin Grocery Store, Dhanouns Central Markets, SPAR Supermarket, Riyadh LaGree Hotel Apartments, Rasis Plaza, Al Hadiya Mall, Al Yasmeen Plaza, Al Rabee Mall for Yasmeen Accessories, Al Ahli Bank, Al Rajhi Bank, Inma Bank, Aaber Al Sahafa Hotel, Alawwal Bank (First Saudi Bank), Aknan Al Yasmeen Furnished Apartments, SABB Tower, Al Ahli Bank, Masaakin Al Yasmeen Furnished Apartments, Al-Drees Station, Al-Khanifer Station, Amar for Furnished Residential Units, commercial complex, Al-Drees Station, Centro Anas, commercial complex, commercial complex, commercial complex, Al Beit Beitkum Hotel Apartments, Layal Furnished Residential Units, VOX Cinema - The Roof Mall","Bank, Commercial center, Commercial complex, Gas station, Grocery store, Hotel, Hotel apartments, Hypermarket, Market store, Not available, Petrol station, Residential units, Supermarket, ترفيهي"
AN-NAFEL,الشمال,3,49,52,"Woosh, Woody park, Sparky's, Abdullah Al Othaim Markets Company An Nafel Branch (Al Othaim Markets), Saudi Company for Comprehensive Stores Carrefour, Liter Gas Station, Aldrees Gas Station, Aldrees Gas Station, Mohammad Al Rasheed Gas Station, Aldrees Gas Station, Motiara Hotel, Fruit Farms Markets, Jarir Bookstore, commercial complex, Aknan Al-Nofal Residential Units, Cinéma Talah Mall, Al Jazeera Bank, Diyar Al-Durrah Furnished Residential Units, Marbia Al-Nofal Furnished Residential Units, Durr Daraya Hotel Apartments - Al-Nofal), Rokn Al-Omar Residential Units), Luluat Al-Thuraya Furnished Residential Units, Dar Ayyar Hotel, Marwaj Najd Grocery, Al-Hara Biscuits, commercial complex, Arab Bank, Shurayfah Markets, Max (Retail Store), elhannem market, Land Mark Serviced Apartments VIP, Rust Night, commercial complex, Dayala Hotel Apartments, Aram Inn 4, Rebal Al-Nofal Serviced Apartments, Waha Al-Nofal Furnished Apartments, Ivan Suites, Lee Mart Markets, Luluat Al-Thuraya Furnished Residential Units, Salla Al-Araif Groceries, Adim Furnished Apartments, Grocery Supplies, Qumra Saeedan Bani Al-Otaibi Groceries, Bandar Saad Abdul Rahman Al-Dosari Groceries, Fifty Flowers, On Your Way (Retail Store), commercial complex, commercial complex, Batoul Suites, Tala Mall, La Valle Mall","Bank, Commercial center, Commercial complex, Gas station, Grocery Store, Hotel, Hotel apartments, Hypermarket, Market store, Not available, Residential units, ترفيهي"
WEST AN-NASEEM,الشرق,0,51,51,"Rukun Al Othaim Supermarket, Al Othaim Food Market, Panda Central Markets, Al Zahrani Gas Station, Aldrees Gas Station, West An Naseem Fuel Station, Al Jaser Majed Gas Station, Zaiti Gas Station, Tas'helat Gas Station, Mohammad Bil'abid Gas Station, Dana Petrol Station, Abdullah Ahmad Mahfouz Al Zahrani Gas Station, Aldrees Gas Station, Pyramid Corner Fuel Station, Al Jam'an Gas Station, Al Ajami Gas Station, Fouad Abdullah Al Ghazali, West An Naseem Gas Station, Aldrees Petrol Station, Majantak Gas Station, Al Sayer for Petroleum Services, Fahed Sultan Gas Station, Taybah Petrol Station, Khulud for Petroleum Services, Mahfouz Abdullah Al Zahrani for Petroleum Services, Aldrees Gas Station, Peace Ship Gas Station, Al Jeshi Gas Station, Muzna Abdulaziz Al Muzeed Gas Station, Al Babiteen Gas Station, Al Matiri Gas Station, Aldrees Gas Station 77, Al Fallah Gas Station, South Port Fuel Station, Saudi Energy Station, Bader Fuel Station, West An Naseem Gas Station, Liter Fuel Station, SASCO Gas Station, Al Othaim Supermarket, Ramez Markets, Panda Supermarket, West An Naseem Grocery Store, Mohammad Grocery Store, Panda Markets, Al Shahbaa Grocery Store, N. Al Anzi Grocery Store, Al Amasi Grocery Store, A. Abu Sheeba Grocery Store, Al Murshed Grocery Store, Yazeed Eastern Grocery Store","Gas station, Grocery store, Market store, Petrol station, Supermarket"
AL-AZIZIYAH,الجنوب,0,50,50,"Abdullah Al Othaim Markets Company, Abdullah Al Othaim Markets Company Al Aziziyah Haer Road Branch, Abdullah Al Othaim Markets Company Al Aziziyah Branch, Al Say'ari Gas Station, Aldrees Gas Station, Riyadh Housing Gas Station, Asaleeb Al Salam Gas Station, Saleh Al Say'ari Gas Station, Al Msanada World Fuel Station, Al Mahdi Fuel Station, Sahel Fuel Station, Al Aziziyah Fuel Station, Al Hamedi Petrol Station, Aldrees Gas Station, Al Say'ari Gas Station, Badriya Aidarus Al Bar Gas Station, Dyar International Gas Station, Hala Gas Station, Dar Al Tamyoz for Petroleum Services, Khaled Al Muhawwes Fuel Station, Dar Al Tamyoz for Petroleum Services, Petromin Gas Station, Sahel Gas Station, Saudi Energy Station, Rubu' Al Jabalayn Fuel Station, Aldrees Gas Station, Al Say'ari Fuel Station, Al Say'ari Fuel Station, Al Su'rani Station for Petroleum Services, Aziz Bin Awwad Al Zayabi Gas Station, Saudi Energy Station, Al Nahdi Gas Station, Ali Ahmad Al Mahri Gas Station, Al jebreen Gas Station, Aldrees Gas Station, Aed Gas Station, Al Smail Complex and Station, Al Aziziyah Express Supply Station, Aldrees Gas Station, Al Awbathani Gas Station, Riyadh Oil Station, Aldrees Gas Station, Excecutives Hotel, Al Emtiyaz Markets, Al Nahdi Hypermarket, Al Aziziyah Grocery Store, Al Aziziyah Grocery Store, Al Menhali Bakeries and Grocery Stores, Prime Universal Cold Stores Company Ltd Markets, Abdullah Al Othaim Markets","Gas station, Grocery store, Hotel, Hypermarket, Market store, Not available, Petrol station"
AN-NARJIS,الشمال,0,49,49,"Al Tamimi Markets Company, Panda Supermarket, Al Tamimi Markets Company, Panda Retail Company, Saudi Company Gas Station, Al Areej Gas Station, Al Say'ari Gas Station, SASCO Fuel Station, Al Narjes Fuel Station, Emirates Gas Station, Al Arfaj Fuel Station, Mount Sena Fuel Station, Sulaiman Al Zaidi Fuel Station, An Narjis Grocery Store, An Narjis Grocery Store, Hekayt Shamal Bakeries and Grocery Stores, An Narjis Grocery Store, Jarir Bookstore, Seven Gardens Hotel - Al Narges, Makarem Hay Al Narges, Fidan Hotel Apartments, Terrace Park Furnished Residential Units, Seekoapartment, Mida Apartments for Serviced Living, Narges Villas for Serviced Apartments, Kobard Hotel, Narges Semat Apartments, Smat Al Mukhadamah Apartments - Al Narges, Petro Asia Station, Gas Station, Jet Residential Units - Al Narges, SAM, Ghass Nubaat Markets and Bakeries, Al Bareqi Hotel for Residential Units, Dhabab Al Narges Station, Fuel Station, Al Bader Residences, Ahmad Al Khunfari Station, Al Ahli Saudi Bank, Al Narges Square, Sama Al Qasr - Al Narges, Land Beach‎, SMAYAH HOTEL, Ayres Boutique Hotel - Al Narges, Danat El Narjes Apartment, Al Muheideb - Al Narges, Lavaya, Lulu Al Narges, ALMAKAN 103 HOTEL","Bank, Gas station, Grocery store, Hotel, Hotel apartments, Market store, Not available, Petrol station, Residential units, Supermarket"
AR-RABI,الشمال,3,45,48,"Mosary Arena, Chuck E. cheese, Doomi doo, Panda Hypermarket, Al Tamimi Markets Company, Al Jazeera Markets Company - Al Jazeera Express, Al Tamimi Markets Company, Petromin Gas Station, SASCO Gas Station, Al Modon University Gas Station, Sahel Gas Station, Accor Palace Hotel, Shatha Hotel, commercial complex, Riyadh Bank, Inyar Hotel, commercial complex, commercial complex, Rosali Hotel, commercial complex, commercial complex, Al Rajhi Bank, Riyadh Inn Hotel, commercial complex, commercial complex, eXtra (Electronic and Appliances Retailer), commercial complex, Darah Home for Residential Units, Amar for Furnished Residential Units, Al-Rabie District, commercial complex, commercial complex, commercial complex, commercial complex, Fuel Station, commercial complex, commercial complex, commercial complex, commercial complex, commercial complex, commercial complex, commercial complex, commercial complex, commercial complex, commercial complex, Tallinn Hotel, commercial complex, Mansard Riyadh Hotel, Radisson Collection, commercial complex","Bank, Commercial complex, Gas station, Hotel, Hypermarket, Market store, Not available, Petrol station, Residential units, ترفيهي"
BADER,الجنوب,0,46,46,"Rukun Al Othaim Supermarket, Panda Supermarket, Abdullah Al Othaim Markets Company Bader Branch, Naft Aseel Oil Station, Bader Fuel Station, Black Oil Station, Wasel Gas Station, Najahat Gas Station, Aldrees Gas Station, Aldrees Gas Station, Bader Fuel Station, Sahel Al Tadamon Gas Station, Aldrees Gas Station, Wafi Energy Company, Dana Petrol Station, Bader Petrol Station, Al Terhal Gas Station, Reef Ash Shifa Gas Station, Al Shamari Gas Station, Bader Gas Station, Al Saykhan Abandoned Gas Station, Gold Wells Station, Bader Gas Station, Kilo Gas Station, Al Barghash Frunished Apartments, The Group Residential Units, Golden Park Hotel Rooms, First Alternative Residential Units, Dar Mname Residential Units, Dari & Darak Furnished Residential Units, Dora Muthanna Furnished Residential Units, Shomoo' Al Majd Furnished Resitential Units, Qurtuba Furnished Residential Units, La Reine Homes Furnished Residential Units, Rofan Inn Furnished Apartments, Nayrouz Riyadh Furnished Apartments, Beirut Hills Grocery Store, Rukun Al Muwara Markets, Al Harbi Central Markets, Fruitful Palm Grocery and Bakeries, Al Wafa Food Grocery Store, Jawhara Hills Grocery and Bakeries, A2Z Dubai Market, Hala Grocery Store, Abdullah Al Othaim Markets, Musa'ed Grocery Store","Gas station, Grocery store, Market store, Petrol station, Residential units, Supermarket"
AL-MUROOJ,الوسط,1,44,45,"Fun Time, Al Othaim Markets Company, Al Othaim Commercial Company, AC Delco Gas Station, Al Ahliya Petrol Station, Aldrees Gas Station, Liter Gas Station, Saudi Complex Petrol Station, Aldrees Gas Station, Centro Waha Hotel, Motiara Hotel, Hilton DoubleTree Hotel, Al Sadhan Supermarket, Janayen Al Kheir Markets, North of Riyadh Central Fish Market, Al Rajhi Bank, Al Rajhi Bank, UNI IC Hotel, Dar Hashem Hotel Suites (Al-Murooj Branch), Basateen Al-Qassim, Good Qassim Company, Drar Rameh, Royal Suite Hotel, Elite Hotel Suites, Beit Al-Adwiyah Pharmacy, Dar Riyadh Hotel Apartments, Time Al-Murooj Hotel Apartments, Drar Rameh 2 Apartments, Drar Rameh Residential Units 7, Petrochemical Industries Company (Petromin), Pandora Mode Mall, Shahd Center, Al Jazeera Bank, SABB Bank, Ideal Housing - Al-Murooj, Etada, Aknan Furnished Apartments, Rameh Residential Units Furnished, Grand Apex Apartments, Grand Afix, Courtyard Yard, Alinma Bank, Bank Albilad - Al-Murooj - Men Branch, Al-Ahli Bank, Al Ahli Bank","Bank, Commercial center, Gas station, Hotel, Hotel apartments, Market store, Not available, Petrol station, Residential units, Supermarket, ترفيهي"
AS-SULAIMANYAH,الوسط,0,44,44,"Al Aziziyah Panda United Company, Al Aziziyah Panda United Company, Al Tamimi Markets Company As Sulaimaniyah Branch, Al Sadhan Supermarket, Aldrees Gas Station, Petroleum Pioneers, Aldrees Petrol Station, As Sulaimanyah Oil Station, Hyatt Place Hotel, Rand Hotel, Suite Inn Hotel, Warwick Hotel, Zeid Al Buqami Grocery Store, As Sulaimanyah Grocert Store, Beach Oasis Grocery Store, Mohammad Bin Khalaf Al Otaibi Grocery Store, As Sulaimanyah Grocery Store, Al Othaim Markets, Bayt Al-Wahad, Dome Sulaimaniyah, Drar Rameh Branch 9, Drar Rameh 8, Palace Whisper Residential Units, Bayt Lemar 2 for Serviced Apartments - Abu Bakr Al-Razi, Randa Residential Units, Tourism House Hotel Apartments, Hotelier Suites Apartments, Durrat Al-Fakhama, OYO 316 Sulaimania Hotel, Mayez house, Dome Sulaimaniyah, Durrat Jawahir Sulaimaniyah, House Inn Sulaimaniyah, Voyage Furnished Apartments, Golden Prince Hotel Sulaimaniyah, Al-Harbi and Al-Dayaa Markets, SABB Bank - Al-Ulya Branch, Saudi Al Ahli Bank, Uswl 4 Residential Units, Hospitality for Hotel Suites, Durrat Safana Residential Units Hotel, Layann Residential Units, Riyadh Petroleum, Wyndham Garden Riyadh","Bank, Gas station, Grocery store, Hotel, Hotel apartments, Market store, Not available, Petrol station, Residential units, Supermarket"
AR-RIMAL,الشرق,2,39,41,"Firstaiment, Woody park, Abdullah Al Othaim Markets Company Ar Rimal Branch, Ar Rimal Fuel Station, Khuzam Gas Station, Ar Rimal Gas Station, Al Atoz Fuel Station, Ar Rimal Gas Station, Al Shamari Gas Station, Al Itawi Gas Station, Al Uwaida Fuel Station, Hammood Bin Fahed Al Mashooh Fuel Station, Al Say'ari Complex for Petroleum Services, Liter Gas Station, Al Atoz Gas Station, SASCO Gas Station, Al Bassel Fuel Station, Al Tamaioz Petrol Station, Ar Rimal Gas Station, Al Ayed Petrol Station, Al Jam'an Gas Station, Al Juraidan Gas Station, Aldrees Fuel Station, Al Khuraineq Gas Station, Aldrees Fuel Station, Al Thiabi Gas Station, Munira Hammood Daleem Al Muhimid Grocery Store, My Market Bakeries and Grocery Store, Droob Bakeries Vegetables Meat Grocery Store, Ohud Bakeries and Grocery Stores, Khayrat Ar Rimal Grocery Store, Sada Ar Rimal Grocery Stores, Happy Family Bakeries and Grocery Stores, Zahra Supermarket, Jood Bakeries and Grocery Stores, Al Olayan Central Market, Ahdaf Al Ta'awon Establishment Grocery Store, Janayen Grocery Store, Waraqat Sanabel Al Kheir Markets, Dalal Sultan Al Matiri Establishment Grocery Store, Mohamad Al Otaibi Grocery Store","Gas station, Grocery store, Market store, Petrol station, Supermarket, ترفيهي"
EAST AN-NASEEM,الشرق,2,38,40,"Saffori Land, Sparky's, Abdullah Al Othaim Markets Company, Aldrees Gas Station, Al Babiteen Complex Fuel Station, Sahel Gas Station, East An Naseem Gas Station, Al Zahrani Gas Station, Abdullah Khodor Al Ghamedi Gas Station, Faleh Abdullah Faleh Al Subai'i Gas Station, Bin Omayra Station for Petroleum Services, Al Bassel Fuel Station, Naba Khurais Gas Station, Iqbal Petrol Station, Petrolco Station, Al Ajami Fuel Station, Al Rakan Gas Station, Zaiti Gas Station, Aldrees Gas Station, Mutrad Hussein Al Khaledi Fuel Station, Dhaher Al Anzi Gas Station, Al Atoz Fuel Station, Al Zahrani Station for Petroleum Services, Petro Iqbal Station, Al Yami Gas Station, Liter Gas Station, An Naseem Gas Station, Aldrees Gas Station, San'a Gas Station, Petro Jadaf Station, Aldrees Al Azhar Gas Station, Al Zakari Gas Station, Fakher Sabaa Grocery Store, Al Othaim Khurais Road Markets, Al De'ay'eh Grocery Store, East An Naseem Grocery Store, Wal'a Grocery Store, East An Naseem Grocery Store, East An Naseem Grocery Store, East An Naseem Grocery Store","Gas station, Grocery store, Market store, Petrol station, ترفيهي"
HITTEEN,الشمال,3,36,39,"DOOS KARTING, Boulevard World, Chuck E. cheese, Panda Retail Company Hitteen Branch (Hyper Panda), Al Tamimi Markets Company, Danube Food Company Hitteen Branch, Comprehensive Durar Station, Pearl Harbor Gas Station, Al Say'ari Gas Station, Meer Fuel Station, Braira Villas, Jawharat Hitteen Grocery Store, Mir Gas Station, Robeen Plaza - Commercial Complex, Avalino Center, commercial complex, Ghrass Nubta Markets and Bakeries, commercial complex, commercial complex, commercial complex, Green Hotel, commercial complex, The Boulevard Riyadh, Hatin Square Complex, Thaghr Plaza, Saco | Al Diriyah, Hyper Panda, LUXURYKSA‏, Jarir Bookstore, Saad Square, Biera Villas Resort - Hatin, Hatin Market, Le Mirage Mall, commercial complex, Vacation Houses, Al Inma Bank, commercial complex, Basket Gardens Al Basateen Markets, Boulevard","Bank, Commercial center, Commercial complex, Gas station, Grocery store, Hotel, Hotel apartments, Hypermarket, Market store, Not available, Petrol station, ترفيهي"
MUGHARAZAT,الوسط,3,35,38,"Billy Beez, Strike 11, Sparky's, Liter Gas Station, Aldrees Gas Station, Wafi Gas Station, Daube Supermarket, Al Nakheel Mall, Movie Cinema, Evening Atmosphere Furnished Apartments, Commercial Complex, Nazahat Communications Complex, Commercial Complex, Aswaq Sulta Al-Basateen, Art View, Dorr Al-Bunduqia Hotel Apartments, Capital Residence Furnished Apartments, Rawag 3 Hotel Apartments, Venice Hotel Riyadh, Milaf Furnished Residential Units, Arab Address Furnished Apartments, Randa Apartments for Furnished Residential Units, Samaya Residence, Makarem Najd 4 Furnished Apartments, Rawag Al-Mugharazat, Makarem Najd 3 Hotel Apartments, Twenty-Four Carat, The Golden House, Rayhana Riyadh, Daria Furnished Residential Units, Four Roses Furnished Apartments, Rakan Al-Omar Apartments, Rahab Palace Furnished Apartments, Qimat Al-Rahab, Hayat Inn Hotel Apartments, Hayat Inn Hotel Suites, Rukan Al-Marsa, Noriana for Serviced Apartments","Commercial center, Commercial complex, Gas station, Hotel, Hotel apartments, Not available, Residential units, Supermarket, ترفيهي"
AL-ARID,الشمال,0,38,38,"Aldrees Gas Station, Emirates Gas Station, Al Arid Gas Station, Corner Gas Station, National Petrol Station, Al Arid Gas Station, Raed Al Sahaml Gas Station, Al Bustani Gas Station, Al Atoz Gas Station 121, Sadir Street Petrol Station, Petroli Gas Station for Petroleum Services, National Oils Station, Taybah Gas Station, Al Qahtani Gas Station, Petroli Gas Station, Sahel Gas Station, Abu Haitham Gas Station, Rukun Sumoo Grocery Store, Shatha Al Dairah Grocery Store, Dorrat Ad Dahiyah Bakeries and Grocery Stores, Al Aqil Grocery Store, Al Ared Grocery Store, Amal Grocery Store, Fig Markets and Bakeries, Sarouh Al Ibtikar Library, Buhja 13, Furnished Apartments for Rent, The Park Residential, Ahlam Mouna, Kun Station, Super OYO 629 Home Lux Suite, Marvel 3, Weil Station, Golden Petroleum, Fuel System Station, Dana Al Yasmeen Fuel Station, G-WELL Al Arid Station, Viola In‎","Gas station, Grocery store, Not available, Petrol station, Residential units, Supermarket"
AL-FALAH,الشمال,1,34,35,"Global Art, Aaly AlShubah Gas Station, Aldrees Gas Station, Aldrees Gas Station, SASCO Gas Station, Burj Al Hayat Hotel Apartments, Viola Gardens Hotel Apartments, Madarim Crown Hotel, Rightna Furnished Units, Topaz Riyadh, CSI Hired, Al Mutaib Suites Alfalah 3, Al Falah Residences Furnished Apartments, Al Rehab Furnished Units, Samaiah Hotel Apartments, Furnished Apartment, Guests inn hotel, Hotel, Dana Alfalah Apartments, Romance Suites Furnished Apartments, Rust Nights Hotel Apartments, Lameer Furnished Units, Rafaa Residences, Nakbat Al Nakbat Furnished Apartments, Price World, Ard Al Andalus Hotel, M Stays, Rafaa Alfalah Residences, Jazala, Nuzl Al Kubra, Doha Al Reef Markets, Bustan Al Aaila Grocery, Fursan Markets, Baqala Hay Al Falah, Tamweenat","Gas station, Grocery Store, Hotel, Hotel apartments, Not available, Residential units, ترفيهي"
WEST AL-ORAIJA,الغرب,1,33,34,"Chuck E. cheese, Al Tamimi Markets Company, Sahel Petrol Station, Anhar Taiba Gas Station, Fahed Sa'ud Al Mobaddel Petrol Station, Al Watan Petrol Station, Manaf Manayer Al Mutairi Fuel Station, Al Otaibi Gas Station, West Al Oraija Gas Station, Jazeerat Al Rayan Company Gas Station, Mohammad Ali Abed Al Ghani Gas Station, Eid Gas Station, Zaiti Gas Station, Al Thabeti Gas Station, Al Shalil Gas Station, Al Qahtani Gas Station, Al Qahtani Gas Station, South Square Fuel Station, Sahel Fuel Station, Abdullah Al Shahi Gas Station, Gold Wells Gas Station for Cars Services, South Port Station for Petroleum Services, Lamsat Retage Fuel Station, Al Khalediya Fuel Station, Liter Trading Company Station, West Al Oraija Petrol Station, The Top Inn Furnished Apartments, Al Othaim Markets, West Al Oraija Grocery Store, Mohammad bin Mohammad Yehya Zeila'i Grocery Store, Al Qarni Central Grocery Store, Mohammad Ali Al Hayyan Grocery Store, Al Khayma Markets, Ahmad Grocery Store","Gas station, Grocery store, Market store, Petrol station, Residential units, ترفيهي"
AL-NUZHA,الوسط,1,33,34,"Sondouki Club, Tamimi Market Company, SPAR Co. Supermarkets, Sahl Station, An Nuzha Gas Station, Liter Gas Station, Sahel Gas Station, Sasko Station, Liter Gas Station, Duset - Hotel Apartments, Al Nuzha Grocery Store, Manuel Market, Ibha Lammar Hotel Apartments 2, Al Nuzha Square, Dom Riyadh Apartments, Mokador Hotel Suites, Saudi National Bank (Al Ahli Bank), Haram Plaza, Tawhid Gate Furnished Residential Units, Aal Alkaif Markets and Roasters - Al Nuzha, Markets and Bakeries, Riyadh Bank, Inma Bank, Meed, Saudi Investment Bank, Supermarket, SABB Bank, Waw Hotel, Al Bilad Bank, Dar Hisham Hotel Apartments, Karm Hotel, Rafa Hotel, Aval Hotel Apartments, Mercato Plaza","Bank, Gas station, Grocery store, Hotel, Hotel apartments, Market store, Not available, Residential units, Supermarket, ترفيهي"
AL-WADI,الشمال,0,34,34,"Saudi Company for Comprehensive Stores (Carrefour), Abdullah Al Othaim Markets Company, SASCO Gas Station, Aldrees Gas Station, Aldrees Gas Station, Al Wadi Oil Station, Hyatt Home - Hotel Apartments, Holiday Gulf Hotel, Al Wadi Grocery Store, 3 Food Markets, Boudl Hotel, Three Food Markets, Al-Ruwais Markets, commercial complex, Abu Arab Hotel, Wadi Al-Sarh, commercial complex, Alayn 24, commercial complex, Clauzer Serviced Apartments, Saudi Investment Bank, Raytna Furnished Residential Units, Al Ahli Bank, Sport Ghornatah, Al Olayan Plaza, Karazah Restaurant, Box@, Al Rajhi Bank, commercial complex, commercial complex, commercial complex, commercial complex, Saudi French Bank, Ashley Home Furniture","Bank, Commercial complex, Gas station, Grocery store, Hotel, Hotel apartments, Hypermarket, Market store, Not available, Petrol station, Residential units"
AL-MUANISIYAH,الشرق,2,31,33,"Snowy Forest, Yobi, Panda Retail Company, Abdullah Al Othaim Markets Company Al Muanisiyah Branch, Dubai Blue Gas Station, Fuel Station Al Muanisiyah, Al Riyadh Gas Station, Oussama Hamed Al Ghanemi Gas Station, Al Say'ari Fuel Station, Mout Sanah Gas Station, Al Muanisiyah Petrol Station, Al Araba Gas Station, Fuel Corner Station, Zaiti Gas Station, Nasser Al Jafen Petroleum Services, Mount Sanah Gas Station, Al Khuzam Fuel Station, Al Amari Petrol Station, Al Sinebad House Fuel Station, Hala Petrol Station, SASCO Gas Station, PetroGulf Petrol Station, Boudl Al Munsiyah - Hotel Apartments, As Sai'ari Markets, Al Sihani Grocery and Bakery, Walid Grocery Store, Al Sultan Markets, SPAR Supermarket, Rokon Al Janoob Markets and Bakery, Markets and Bakeries Today Basket, Rehab Al Tafaol Food Corporation Grocery Store, Ameena Grocery Store, Danube Hypermarket","Gas station, Grocery store, Hotel apartments, Hypermarket, Market store, Petrol station, Supermarket, ترفيهي"
AD-DOBBAT,الوسط,0,33,33,"Al Othaim Commercial Company Ltd., Petromin Fuel Station, Aldrees Gas Station, Al Daleel for Petroleum Services, Ad Dobbat Fuel Station, Radison Blue, Ibha Al-Qosor Furnished Apartments, Al Rajhi Bank, Commercial Complex, Al-Rabee Residential Units, Mira Suites Hotel Apartments, Jazira Bank, SAB First Bank, Mercato, Assets for Residential Units, Qemet of Alrawaa for Residential Units, Fannan Rahati Furnished Residential Units, Al Ahli Bank, Al Muhaideb, Grand Plaza Hotel, Rose Garden Hotel, Meed, Ethal Furnished Apartments, Lotus, JKH Furnished Residential Units, Topal Riyadh Hotel Apartments, Al Tawfiq Furnished Suites, Arahi Al Amaken Apartments, Hayat Season Furnished Apartments, Aswaq Al Alam Al Ahram Markets, Bayt Al Nayyifah Residential Units, Innosa Outlets, Rabat Al Furzadq 1","Bank, Commercial complex, Gas station, Hotel, Hotel apartments, Market store, Not available, Petrol station, Residential units"
AD-DAR AL- BAIDA,الجنوب,0,32,32,"Al Aziziyah Panda United Company, Abdullah Al Othaim Markets Company Al Aziziyah Arafat Road Branch, Al Othaim Markets, Zahrat Salem Gas Station, Buraiki Fuel Station, Revara Gas Station, Al Nahdi Gas Station, Al Nahdi Gas Station, Budur Gas Station, Al Sa'ayri Gas Station, Aldrees Gas Station, Dana Gas Station, Abdullah Jaser Al Shahri Gas Station, Al Nahdi Complex for Petroleum Services, Al Aziziyah Lights Gas Station, Durat Al Raid Fuel Station, Light Oil Fuel Station, Al Jazeera Arabs Gas Station, Rehab Castle Station, AD Dar Al Baida Fuel Station, Saudi Oil Station, Abdullah Mohammad Al Maleki Gas Station, Ghotarat Banken Station for Petroleum Services, Jam'an Fuel Station, Al Shateri Grocery Store, Abdullah Central Markets, Universal Cold Stores Company for Trading Markets, Menhali Supermarket, Al Asiri Grocery Store, Ad Dar Al Baida Grocery and Roasters, Al Nahdi Markets, Consumer Stores","Gas station, Grocery store, Market store, Petrol station, Supermarket"
AL-YARMUK,الشرق,0,32,32,"Danube Co. for Food and Luxuries, Al Aziziyah Panda United Company (Panda), LuLu HyperMarket, Abdullah Al Othaim Markets Company Al Yarmuk Branch, Abdullah Al Othaim Markets Company Al Yarmuk Branch, Sahel Gas Station, Al Baraka Petrol Station, Al Nahdi Gas Station, Al Yarmuk Oil Station, Petro Iqbal Station, Al Arfaj Gas Station, Oil Station - Al Yarmuk, Al Yarmuk Complex for Petroleum Services, Liter Gas Station, Liter Gas Station, Jam'an Al Ghamedi Gas Station, SASCO Gas Station, Al Sudais Gas Station, Al Olayan Gas Station, Aldrees Gas Station, Mohammad Hamed Al Ghamedi Gas Station, Al Hudaif for Petroleum Services, Sahel Gas Station, Golden Inn Hotel, Al Barakat River Bakeries and Grocery Stores, Apple Al Yarmuk Bakeries and Grocery Stores, Oyoon Al Sultan Refrigerator Grocery Store, Central Janaen Bakeries and Grocery Stores, Janayen Bakeries and Grocery Stores, Parko Supermarket, Atyaf Mall, VOX Cinema - Atyaf Mall","Commercial center, Gas station, Grocery store, Hotel, Hypermarket, Market store, Petrol station, Supermarket"
AT-TAAWUN,الوسط,2,28,30,"Mabelle Center, Oppa, Abdullah Al Othaim Markets Company, Arabat Al Majed Gas Station, Aldrees Gas Station, SASCO Station, Aldrees Gas Station, Clemence Hotel, Latifa Grocery Store, Al-Shuala for Serviced Apartments, Rast Kroan for Furnished Residential Units, Rast Night, Comfort Inn, Merfal Royal new, Murfall for Cooperative Hotel Suites, Arab House for Residential Units, Adel Cooperation for Furnished Residential Units, Hayat Rose for Hotel Apartments, Nakheel Inn, Rafaa Furnished Apartments, Land Walk, Rizq Al-Usra Supplies, Aswaq and Bakeries Matar Al-Rawshan Central, Above Description, Al Ahli Bank, Bank Al-Awwal SABB, Al Rajhi Bank, Saudi French Bank, Commercial Cooperation Center, Commercial Complex","Bank, Commercial complex, Gas station, Grocery store, Hotel, Hotel apartments, Market store, Not available, Residential units, ترفيهي"
AN-NAHDAH,الشرق,0,30,30,"Al Tamimi Markets Company, Al Aziziyah Panda United Company, Panda Retail Company, Al Tamimi Markets Company, Zahrani Gas Station, An Nahdah Petrol Station, Aldrees Gas Station, Aldrees Gas Station, Aldrees Gas Station, Sahel Petrol Station, Al Obaid Gas Station, As Shamaliyat Gas Station, Sultan Ayed Al Harethi Gas Station, Zahrani Gas Station, Nasser Fahid Al Sahli Center, Sahel Petrol Station, Sasco Petrol Station, Fuel Line Station, An Nahda Gas Station, Al Jerman Gas Station, Petro Iqbal Station, Saudi Energy Station, Litre Gas Station, Aldrees Gas Station, South Harbor Station, Revan Palace Hotel, Lulu Hypermarket, Consumer Oasis Supermarket, Zawiyat Al Naseem Grocery Store, Seeds of Good Establishment Grocery Store","Gas station, Grocery store, Hotel, Hypermarket, Market store, Petrol station, Supermarket"
AL-KHALEEJ,الشرق,0,30,30,"Abdullah Al Othaim Markets Company, Abdullah Al Othaim Markets Company Al Khaleej Branch, Aldrees Gas Station, Aldrees Gas Station, Al Khaleej Fuel Station, Petromin Express Station, Petromin Gas Station, Aldrees Gas Station, Breen Gas Station, Al Ghamdi Gas Station, Sa'ud Al Utaibi Gas Station, Naft Gas Station, Al Murshidi Gas Station 2, Bawazir Gas Station, Tharaa Fuel Station, Aldrees Gas Station, Al Murshidi Gas Station, Sahel Gas Station, Liter Gas Station, Al Atoz Gas Station, Zahrat Alamal Gas Station, Al Ghanem Gas Station, Al Sebai'ee Gas Station, Aisha Fuel Station, Al Khaleej Fuel Station, Mu'awad Awad Ayed Gas Station, Naft Gas Station, Kamal Mubarak Al Harbi Fuel Station, Talha Shop, Zawiyat An Nassim Markets","Gas station, Market store, Petrol station"
AL-GHADEER,الشمال,3,25,28,"Ryadh Winter Wonderland, Rink, Foot Park, Danube Co. for Food and Luxuries, Al Jazeera Markets Company, Al Ghadeer Oil Station, National Oil Station, Social Development Bank - General Administration, AB First, Al Rajhi Bank, Inma Bank, Saudi French Bank (Banque Saudi Fransi), Saudi Investment Bank, commercial complex, Al Ghadeer Square Commercial Complex, SACO World - Riyadh (Retail Store), Abyat (Home Furnishing Store), Basket Gardens Al Qassim Markets, Nice (Retail Store), Al Saif Gallery, Al Nasr Club Store, Home Furnishings, Fernda Commercial Complex, Hilton Garden Inn Riyadh Financial Center, DoubleTree by Hilton Riyadh Financial District, Mövenpick Hotel Riyadh, Tajreed Hotel, Dabaa Oasis Markets","Bank, Commercial complex, Hotel, Hypermarket, Market store, Not available, Petrol station, ترفيهي"
AL-QAIRAWAN,الشمال,2,26,28,"Hupa Lupa, 6Meem Entertainment _iCombat, Al Baraka Gas Station, Gulf Oil Station, Al Qayrawan Gas Station, Al Mansurah Gas Station, petro star Gas Station, Arjwan Bakeries and Grocery Stores, Al-Qairawan, Kunuz Al-Khair Markets and Bakeries, Makani Market, Boulevard 2030, Al-Drees, Dana Residential Hotel 1, commercial complex, Jumeirah Hotel, Al-Qairawan Cafes and Restaurants Complex, Kef Al-Asalah Markets, Spar Market, Al-Majidiya Terrace Complex, Fresh Way, Sasko, Kef Al-Asalah Markets - Al-Qairawan Branch, commercial complex, Al-Maqsid Chalets, Dana Residential Hotel 2, Dana Hotel Apartments, Al-Qairawan District, Al-Abadiyah Residence 2","Commercial complex, Gas station, Grocery store, Hotel, Hotel apartments, Not available, Petrol station, Residential units, ترفيهي"
AL-EZDIHAR,الوسط,0,27,27,"Al Aziziyah Panda United Company, AC Delco Gas Station, Aldrees Gas Station, Holiday Inn - Al Izdihar, Abha Lamar for Hotel Apartments, Rafaa Hotel Suites, Lamas for Furnished Residential Units, Raf Hospitality, Andalus Treasure Apartments for Residential Units, Al-Badr Apartments, Al-Bahiya for Furnished Residential Units, Shahd Umri Sweets, supermarket, Abdul Aziz Ali Ahmed Al-Rabie Supplies, Ghaith Al-Izdihar Grocery, Nokhbat Al-Izdihar Supplies, Le Four for Bakeries and Tea, Sesame Najd Central Markets and Bakeries, Muruj Al-Izdihar for Computers, Al-Drees, Commercial complex, Almarai Company main branch, Commercial complex, Commercial complex, Commercial complex, Commercial complex, Commercial complex","Commercial complex, Gas station, Grocery Store, Hotel, Hotel apartments, Market store, Not available, Residential units, Supermarket"
AR-RABWAH,الوسط,5,21,26,"Sky Zone, Snowy Forest, Saffori Land, Snow City, Sparky's, Al Tamimi Markets Company Ar Rabwah Branch, Petromin Gas Station, Liter Station for Petroleum Services, Aldrees Gas Station, Al Riyadh Petrol Station, Salem Gas Station, Aldrees Fuel Station, Naft for Petroleum Services, Aldrees Gas Station, Aldrees Gas Station, Al Rashdan Gas Station, Ar Rabwah Petrol Station, Al Othaim Mall, CommercialPN, CommercialPN, CommercialPN, CommercialPN, CommercialPN, CommercialPN, CommercialPN, CommercialPN","Commercial center, Gas station, Market store, Not available, Petrol station, ترفيهي"
AL-MASEEF,الوسط,0,26,26,"Al Aziziyah Panda United Company, Petroly    Fuel Station, Aldrees Gas Station, Aldrees Gas Station, Al Maseef Oil Station, Tas'helat Gas Station, Imdad Al Toroq Gas Sation, Al Maseef Grocery Store, Panda Supermarket, Nofal Oasis - Summer, Rahab Cabin for Furnished Units, B2 Apartments, Kenan Palace 3 for Furnished Residential Units, Emirates NBD Bank, Adoma Hotel, Riyadh Bank, Summer Wings Apartments, Aswaq and Bakeries Muthmirah - Summer Branch, Scope Fuel Station, Boudl Hotel, Jarir Bookstore, Boudl Hotel, Levillez Mall, Al-Drees Station, Al Ahli Saudi Bank, Tourism House for Furnished Apartments","Bank, Commercial center, Gas station, Grocery store, Hotel, Market store, Not available, Petrol station, Residential units, Supermarket"
ASH-SHIFA,الجنوب,0,24,24,"Ash Shifa Fuel Station, Abdullah Salem Al Say'ari Gas Station, Aldrees Gas Station, AC Delco Gas Station, Khamis Al Munaijer Gas Station, Aldrees Gas Station, Diamond Engineering Gas station, Al Tawfiq Fuel Station, Reemas Gas Station, Petroleum Conciliation Center, Al Murshed Gas Station, Aldrees Gas Station, Kilometer Gas Station, Al Barthon Furnished Apartments, Abeer Orchid Furnished Residential Units, Warf Palace, Al Rasafa Homes Furnished Apartments, Muwaten Al Khayal Furnished Residential Units, Muwaten Al Raqiya Furnished Residential Units, Halyoon Furnished Residential Units, Al Qusaim Springs Bakeries and Grocery Stores, Al Othaim Supermarket, Khaled Grocery Store, Abdulaziz Ali Hamad Al Rajehi Grocery Store","Gas station, Grocery store, Petrol station, Residential units, Supermarket"
MIDDLE AL-URAIJA,الغرب,0,23,23,"Dar Al Eiz Gas Station, Al Sahel Gas Station, Al Atoz Gas Station, Ghofran Gas Station, Middle Al Uraija Gas Station, Gas Station Center 2000, Al Say'ari Gas Station, Middle Al Uraija Gas Station, Al Arifi Gas Station, Al Ghamdi Gas Station, Middle Al Uraija Fuel Station, Aldrees Gas Station, Aldrees Gas Station, Saudi Energy, New East Gas Station, Menhali Gas Station, Waleed Al Arab Fuel Station, Al Harethi Grocery Store, Noura Grocery Store, Meed Grocery Store, Al Wad'ani Grocery Store, Country Jewels Grocery Store, Al Badiaah Mall","Commercial center, Gas station, Grocery store, Petrol station"
AS-SULAI,الجنوب,0,23,23,"Abdullah Al Othaim Markets Company, Aldrees Fuel Station, Zad Najd Petrol Station, Clouds Fuel Station, As Sulai Gas Station, Sama Gas Station, As Sulai Fuel Station, Aldrees Fuel Station, Tas'helat Gas Station, Bat and Noura Fuel Station, View Fuel Station, Aldrees Fuel Station, Petro Iqbal Fuel Station, Zaiti Fuel Station, Ali Abdullah Ali Bilhibak Gas Station, Sahel Gas Station, As Sulai Oil Station, Fuel Station next to Nadec, As Sulai Oil Station, Al Rajehi Gas Station, Petro Iqbal Fuel Station, Noor Amal - Hotel Apartments, As Sulai Grocery Store","Gas station, Grocery store, Hotel apartments, Market store, Petrol station"
AS-SUWAIDI,الغرب,1,22,23,"Saffori Land, Al Othaim Central Markets, Saudi Company for Comprehensive Stores (Carrefour), As Suwaidi Gas Station, Tas'helat Gas Station, Gold Wells Station, As Suwaidi Fuel Station, Aali Gas Station, Al Ghamdi Gas Station, Al Khuneifer Gas Station, Sasco Gas Station, Saudi Energy Station, Sahel Gas Station, As Suwaidi Gas Station, Aldrees Gas Station, Boudl Al Qasr - Hotel Apartments, As Suwaidi Grocey Store, As Suwaidi Grocey Store, Hassan Food Corporation for Syrian Products, Zad Central Markets, Al Arini Grocery Store, Al Qasr Mall, VOX Cinema - Al Qasr Mall","Commercial center, Gas station, Grocery store, Hotel apartments, Hypermarket, Market store, Petrol station, ترفيهي"
AN-NADHEEM,الشرق,0,22,22,"Panda Supermarket, Al Aziziyah Panda United Company, Al Othaim Markets, Al Khamseen Gas Station, Al Haddadi Gas Station, Riyadh Gas Station, Riyadh Gas Station, Aldrees Diesel Station, Al Ruwaydan for Car Services, Al Jarman for Petroleum Services, Al Jam'an Gas Station, An Nadheem Gas Station, Petro SAR Fuel Station, Naft Oil Station, Liter Station for Petroleum Services, Mohammad Hamed Jam'an Al Ghamedi Gas Station, Al Tal Gas Station, Walid Takan Kadheem Al Shamari Gas Station, Supermarket 40, East Bayareq Grocery Store, An Nadheem Grocery Store, Hamad Mawqef Hamad Al Ruwaili Grocery Store","Gas station, Grocery store, Market store, Petrol station, Supermarket"
AR-RAWDAH,الشرق,1,20,21,"Sparky's, Al Othaim Markets Company Ltd. Ar Rawdah Branch, Abdullah Al Othaim Markets Company, Saudi Company for Comprehensive Stores (Carrefour), Al Atoz Gas Station, Sahel Gas Station, Aldrees Fuel Station, Ar Rawdah Gas Station, Gasoline Station, Dana Petrol Station, Ar Rawdah Petrol Station, Sahel Fuel Station, Sanaa Station for Petroluem Services, Ar Rawdah Station for Petroleum Services, Gadeer Tawers Petrol Station, Al Atoz Fuel Station, Sahel Gas Station, Hammood Saleh Fuel Station, Nasser Al Jafen Station for Petroleum Services, Tharbah Markets, A. Al Jefen Gorcery Store","Gas station, Grocery store, Hypermarket, Market store, Petrol station, ترفيهي"
AS-SAADAH,الجنوب,0,21,21,"Al Atoz Petrol Station, Aldrees Petrol Station, As Saadah Gas Station, Al Sultan Center for Petroleum Services, Petromin Gas Station, Saudi Energy Company Station, Al Say'ari Gas Station, Al Babiteen Gas Station, Al Reef Oasis Petrol Station, Abed Al Mohsen Al Harbi Station for Petroleum Services, Petro Iqbal Fuel Station, Petro Iqbal Fuel Station, Aldrees Petrol Fuel Station, Al Jefen Station for Petroleum Services, First Power Station Fuel Station, Naft Station for Petroleum Services, Petro Diesel Station for Petroleum Services, Yasmin Oasis Markets, As Saadah Grocery Store, Anas Grocery Store, Janayen Bakeries and Grocery Stores","Gas station, Grocery store, Market store, Petrol station"
AN-NADA,الشمال,1,20,21,"AVATAR, Al Atoz Station for Petroleum Services, Panda Hypermarket, commercial complex, commercial complex, commercial complex, commercial complex, commercial complex, Fuel Station, commercial complex, Aion Hotel, commercial complex, commercial complex, commercial complex, commercial complex, Inma Bank, commercial complex, commercial complex, commercial complex, commercial complex, Fortore Mall","Bank, Commercial center, Commercial complex, Hotel, Hypermarket, Petrol station, ترفيهي"
AL-Awaly,الغرب,0,20,20,"Panda HyperMarket, Abdullah Al Othaim Markets Company Nemar Branch, Abudllah Al Othaim Markets Company Al Awaly Branch, Al Awaly Oil Station, Galaxy Petrol Station, Lama'at Namar Gas Station, Al Awali Gas Station, Al Halem Gas Station, Jawaher Petrol Station, Al Awaly Fuel Station, Al Baze'i Gas Station, Taybah Petrol Station, Al Awaly Fuel Station, Fayez Al Maliki Gas Station, Samnan for Petroleum Services, Charisma Inn Residential Units, Basket Markets, Salat Al Awaly Central Bakeries and Grocery Stores, Badaeh Al Nakheel Grocery Stores, Salam Mall","Commercial center, Gas station, Grocery store, Hypermarket, Market store, Petrol station, Residential units"
AL-HAZM,الغرب,0,20,20,"Abdullah Al Othaim Markets Company Al Hazm Branch - Al Riyadh, Al Aziziyah Panda United Company, Aqla Gas Station, Sulaiman Faleh Al Anzi Gas Station, Aldrees Gas Station, Construction System Fuel Station, Aldrees Gas Station, Mohammad bin Shaman Nashay Al Otaibi Gas Station, Jawaher Gas Station, Aldrees Fuel Station, Rama Housing Units, Park Leen Apartments Furnished Residential Units, Rahati Apartments Furnished Residential Units, Abeer Orchid Furnished Residential Units, Al Yamama Palace Furnished Residential Units, Rama Inn Furnished Residential Units, Rofan Inn Furnished Residential Units, New Suite Furnished Residential Units, Red Cherry Bakeries and Grocery Store, Al Derayhemi Grocery Store","Gas station, Grocery store, Market store, Petrol station, Residential units"
SHUBRA,الغرب,0,19,19,"Al Aziziyah Panda United Company, Saudi Company for Comprehensive Stores (Carrefour), Al Tareefi Gas Station, Aldrees Gas Station, Saleh Bin Abdulaziz Gas Station, Shubra Fuel Station, Sahel Gas Station, Al Qahtani Gas Station, Aral Furnished Residential Units, Al Muhaidb Hotel, Anfal House Furnished Apartments, Rinad Furnished Apartments, Rava Inn Furnished Residential Units, House Inn Furnished Apartments, Al Dana Hypermarket, Al Sadhan Hypermarket, Shubra Grocery Store, Shubra Grocery Store, Al Rajba Grocery Store","Gas station, Grocery store, Hypermarket, Market store, Petrol station, Residential units"
AL-MURABA,الوسط,1,18,19,"Sparky's, Lulu Saudi Company for Major Markets, Aldrees Gas Station, Jahez Petrol Station, Aldrees Gas Station, Al Muraba Gas Station, Department of Development Gas Station, Sahel Gas Station, Sahel Gas Station, Al Muraba Gas Station, Aldrees Gas Station, Al Muraba Gas Station, Grand Plaza Hotel - Al Dhabab, Crowne Plaza - Riyadh Palace, Panda Supermarket, Khaled Grocery Store, Ahmad Yassin Al Shamari Grocery Store, Al Salem Grocery Store, Riyadh Avenue Mall","Commercial center, Gas station, Grocery store, Hotel, Market store, Petrol station, Supermarket, ترفيهي"
QURTUBAH,الشرق,0,18,18,"Panda Supermarket, Tamimi Market Company, Panda Supermarket, Abdullah Al Othaim Markets Company Qurtubah Branch, Abdullah Al Othaim Markets Company, SASCO Gas Station, Aldrees Gas Station, Al Wataneah Petrol Station, Petromin Petrol Station, AcDelco Al Jamih Petrol Station, Aldrees Gas Station, Braira Hotel, Fairmont Hotel, Nelover Qurtubah Hotel, Sa'da Ahmad Al Shahri Grocery Store, Farm Supermarket, Sawahel Al Riyadh Markets, Danube Hypermarket","Gas station, Grocery store, Hotel, Hypermarket, Market store, Petrol station, Supermarket"
KING FAHD,الوسط,2,16,18,"Sparky's, Kidzzdom, Panda Retail Company, Al Tamimi Markets Company King Fahed Branch, JAWHAR Petrol Station, Al Khuneifer Fuel Station, Aldrees Petrol Station, Aldrees Gas Station, Zaiti Gas Station, SASCO Gas Station, Suwaj Petrol Station, Al Hamra Palace Riyadh Hotel, Riyadh Galery Mall, Sahara Mall, Hayat Mall, Marina Mall, VOX Cinema - Sahara Mall, AMC Cinema - Riyadh Galery Mall","Commercial center, Gas station, Hotel, Market store, Not available, Petrol station, ترفيهي"
AL-WOROUD,الوسط,0,18,18,"Aldrees Gas Station, Aldrees Gas Station, Park House - Hotel Apartments, Sheraton Hotel, Al Sadhan Markets, Al Wurud Grocery Store, Dom Al Arab Suites, Ashbouna Hotel Suites, Saudi Investment Bank, Alawwal Bank, Saudi French Bank, Al Olaya Branch, Al Olaya Mall, Le Méridien Hotel, Bank Albilad Branch, Saudi National Bank, Al Olaya View, Abaya Mall, Andalus Commercial Center","Bank, Commercial center, Gas station, Grocery store, Hotel, Hotel apartments, Market store, Not available"
KING FAISAL,الشرق,3,15,18,"Strike 10, Saffori Land, Sparky's, Al Othaim Commercial Company King Faysal Branch Al Othaim Corner, Abdullah Al Othaim Markets Company, Abudllah Al Othaim Markets Company, Oil Station - Al Quds, Liter Gas Station, Naft Gas Station, Excellent Gas Station, Aldrees Petrol Station, Abdullah Hamad Saleh Al Zahrani Petrol Station, Wuqudi Petrol Station, Zaiti Gas Station, Al Khaleej Gas Station, Riyadh Petrol Station, Al Hamra Mall, MUVI Cinema - Al Hamra Mall","Commercial center, Gas station, Market store, Petrol station, ترفيهي"
AL-WIZARAT,الوسط,0,18,18,"Aldrees Gas Station in Al Wizarat Neighborhood, Al Manar Gas Station, Braira Hotel, Ramada Hotel, Marriott Hotel, Marriott Hotel - Hotel Apartments, Crown Plaza, City Supermarket, Saudi French Bank (Main Branch), Furnished Apartments, Al-Rabee for Furnished Residential Units, Wadi Al-Shamiah Markets, Saudi Investment Bank, Furnished Apartments, City Supermarket, Al Wafa Apartments, Rif Inn, Nuha Markets","Bank, Gas station, Hotel, Hotel apartments, Not available, Residential units, Supermarket"
AL-AMAL,الوسط,0,18,18,"Aldrees Gas Station, Nesto Hypermarket, Makkah Hypermarket, Munira Bin Mohamad Al Enaz Grocery Store, Al Khudairi Estbalishment Grocery Store, Capital Hotel, Al-Arouba Hotel - Al Batha, Asia Hotel, Tulip Inn, Al Rajhi Residences 1, Al Rajhi Residences 2, Al Rajhi Residences 3, Al Rajhi Residences 3, Al Rajhi Commercial Center for Tours, Spare Parts, and Maintenance, Al Hamra Palace, Markets Branch, Nesto Hypermarket, Electron Commercial Center, Villagio Mall","Commercial center, Gas station, Grocery store, Hotel, Hypermarket, Not available, Residential units"
AL-JANADRIYAH,الشرق,0,18,18,"Abdullah Al Othaim Markets Company Al Janadriyah Branch, Otayr Complex for Petroleum Services, Aldrees Gas Station Otayr 2, Ghadir Gas Station, Gulf Visitors Station for Petroleum Services, Nadira Fuel Station, Al Otayr Fuel Station, Al Janaderiyah Gas Station, Al Qahtani Petrol Station, Abu Haitham Gas Station, Zood Fuel Station, Al Jazeera Fuel Station, Liter Station for Petroleum Services, Al Janadriyah Gas Station, Orange Station for Petroleum Services, Farm Superstores for Food Supplies, Al Nahdi Central Markets, Dorrat Al Ma'ali Food Markets","Gas station, Market store, Not available, Petrol station, Supermarket"
AR-RAWABI,الشرق,0,18,18,"Danube Co. for Food and Luxuries, Al Othaim Commercial Company Ltd., Al Othaim Markets Company Ltd., Al Aida for Petroleum Services, Mizan Al Yarmuk Center for Cars Maintenance, Aldrees Gas Station, Iqbal Petrol Station, Aldrees Gas Station, Ar Rawabi Fuel Station, Petro Iqbal Station, Zaiti Gas Station, Ar Rawabi Gas Station, AC Delco Gas Station, Ahmad Mohammad Al Saqeer Grocery Store, Al Othaim Markets, Al Sadhan Supermarket, Wissam Al Arabi Market, Freej Central Market","Gas station, Grocery store, Hypermarket, Market store, Petrol station, Supermarket"
AL-FARUQ,الوسط,0,17,17,"Al Aziziyah Panda United Company (Hyper Panda), Aldrees Gas Station, Najd Gas Station, Al Faruq Grocery Store, CommercialPN, CommercialPN, CommercialPN, CommercialPN, CommercialPN, CommercialPN, CommercialPN, CommercialPN, CommercialPN, CommercialPN, CommercialPN, CommercialPN, CommercialPN","Gas station, Grocery store, Hypermarket, Not available"
AL-MANSURAH ( KHANSHALILAH ),الوسط,0,16,16,"Al Othaim Markets Compant Ltd., Panda Supermarket, Salem Gas Station, Aldrees Petrol Station, Al Mansurah (Khanshalilah) Fuel Station, Petrolat Station, AC Delco Gas Station, SASCO Oil Station, Al Briki Gas Station, Aldrees Gas Station, Teef Al Mansurah Gas Station, Tas'helat Gas Station, Aldrees Gas Station, Zahrat Al Rajba Markets, Al Othaim Markets, Al Madina Hypermarket","Gas station, Hypermarket, Market store, Petrol station, Supermarket"
AL-HAMRA,الشرق,1,15,16,"Alhokair Land, SPAR Co. Supermarkets, Al Aziziyah Panda United Company, Panda Retail Company, Knooz Al Hamra Gas Station, Al Atoz Gas Station, Aldrees Gas Station, Al Ghamdi Fuel Station, Abdullah Rajeh Al Shammari Station, Aldrees Fuel Station, Al Hamra Gas Station, Sahel Gas Station, Hayatt Home Hotel, Rest Night - Hotel Apartments, Ar Rimal Suburbs Souks, Al Hamra Grocery Store","Gas station, Grocery store, Hotel, Hotel apartments, Market store, Petrol station, Supermarket, ترفيهي"
ASH-SHOHDA,الشرق,3,12,15,"Chuck E. cheese, Chuck E. cheese, Fun Oasis, Saudi Company for Comprehensive Stores (Carrefour), Aldrees Gas Station, Sahel Gas Station, Al Masem - Hotel Apartments, Vivienda - Hotel Villas, Quetzal - Hotel Apartments, Melissa Hotel, Meral Crown Hotel, Hilton Hotel Riyadh, Mercure Value Hotel, Al Othaim Markets, Granada Mall","Commercial center, Gas station, Hotel, Hotel apartments, Hypermarket, Market store, ترفيهي"
AL-MARWAH,الجنوب,0,15,15,"Al Othaim Food Markets Company, Aldrees Gas Station, Arabic Oil Fuel Station, Zaiti Gas Station, Aldrees Gas Station, Al Omran Gas Station, Liter Gas Station, Ghaleb Fuel Station, Aldrees Gas Station, World Diar Furnished Residential Units 2, World Diar Furnished Residential Units 1, Blue Park Furnished Residential Units, Vision Residential Units, Abeer Orchid Furnished Units, Jawhara Abdullah Grocery Store","Gas station, Grocery store, Market store, Petrol station, Residential units"
KING ABDUL AZIZ,الوسط,1,14,15,"Sala City, Sahel Gas Station, Petro Jamaan Station, Al Mutlaq Hotel, Tasneem Mini Market, Al Khaleej Mall, Locanda Residency, All Days For Serviced Apartment, Hills Hotel, Movie Cinema, Vulk Station, commercial complex, Elite Real Estate Evaluation Hotel Apartments, Furnished Apartment for Daily Rent, The Home Residence","Commercial center, Commercial complex, Gas station, Hotel, Hotel apartments, Market store, Not available, Petrol station, Residential units, ترفيهي"
AS-SALAM,الشرق,0,15,15,"Al Zahrani Gas Station, Al Manar Petrol Station, Al Zahrani Gas Station, Al Atoz Gas Station, Naif Gas Station, Petro Iqbal Gas Station, As Sayer Gas Station, As Salam Petrol Station, Petro Iqbal Gas Station, Iqbal Gas Station, Lamsa Gas Station, Al Rashudi Gas Station, Al Muqham Gas Station, Al Othaim Markets, Rukun Al Othaim Supermarket","Gas station, Market store, Petrol station, Supermarket"
DAHRAT AL-BADEAH,الغرب,0,15,15,"Al Aziziyah Panda United Company, Al Othaim Commercial Company Ltd., Sahel Gas Station, Al Zahrani Gas Station, Al Atoz Gas Station, Anwar Al Raed Gas Station, Budoor Al Khaleej Gas Station, Petro Al Bilad Gas Station, Peace Gas Station, Sahel Tadamon Fuel Station, Al Atoz Station for Petroleum Services, Diamond Engineering Gas Station, Integration of Food Markets, Dahrat Al Badeah Grocery Store, Sara Markets","Gas station, Grocery store, Market store, Petrol station"
AS-SUWAIDI AL-GHARBI,الغرب,1,13,14,"TORY LAND, Sahel Gas Station, As Suwaidi Al Gharbi Fuel Station, Aldrees Gas Station, Al Jam'an Gas Station, Oil Wells Station, Eid Aed Al Qahtani Gas Station, West Circle Gas Station, Abdulaziz Gas Station, Petromin Gas Station, Al Iyadi Residential Units, Al Amoria Furnished Apartments, Riham Inn Furnished Residential Units, Zahrat Al Rajba Food Market","Gas station, Market store, Petrol station, Residential units, ترفيهي"
AL-MASANI,الجنوب,0,14,14,"Al Masani' Petrol Station, Al Masani' Gas Station, Al Shamari Gas Station, Sahel Gas Station, Faysal Ali Baqees Gas Station, Aldrees Gas Station, Al Say'ari Gas Station, Ali Abdullah Bin Saleh Gas Station, Hand of Peace Gas Station, Aldrees Petrol Station, Aldrees Petrol Station, Al Muqarren Gas Station, Stars Gas Station, Future Arrow Gas Station","Gas station, Petrol station"
AL-ANDALUS,الشرق,1,13,14,"Billy Beez, Abdullah Al Othaim Markets Company, Tamimi Food Market Company Al Andalus Branch, Al Aziziah Panda Company Ltd. Hyper Panda, Al Ghamdi Gas Station, Al Ghuwairi Gas Station, Sefa Gas Station, Wuqudukom Station for Fuel and Services, Sahel Gas Station, Aldrees Gas Station, SASCO Gas Station, Nasser Al Jefen Center for Petroleum Services, Rome Grocery Store, Riyadh Mall","Commercial center, Gas station, Grocery store, Hypermarket, Market store, Petrol station, ترفيهي"
AL-FAIHA,الجنوب,0,13,13,"Panda Markets, Naft Gas Station, Naft Al Aseel Oil Station, Jood Al Bustan Gas Station, SASCO Petrol Station, Zaiti Gas Station, Tas'helat Gas Station, Zaiti Gas Station, Aldrees Fuel Station, Liter Point Petrol Station, Al Faiha Petrol Station, Iqbal Fuel Station, Al Othaim Markets","Gas station, Market store, Petrol station"
WEST UMM AL HAMAM,الوسط,0,13,13,"Abdullah Saleh Al Othaim Markets Compant Ltd., Al Aziziyah Panda United Company, Aldrees Fuel Station, Al Uruba Petrol Station, Aldrees Fuel Station, West Umm Al Hamam Gas Station, West Umm Al Hamam Gas Station, Nassar Gas Station, West Umm Al Hamam Gas and Diesel Station, Jahez Fuel Station, Voyage Hotel, Panda Hypermarket, Al Harbi Refrigerator and Grocery Store","Gas station, Grocery store, Hotel, Hypermarket, Market store, Petrol station"
AL-MURSALAT,الوسط,0,13,13,"Abdullah Al Othaim Markets Company, Al Jam'an Gas Station, Sahel Gas Station, Aldrees Gas Station, Liter Gas Station, Aldrees Gas Station, Northern Mandarin - Hotel Apartments, Mursalat Communications Complex, Commercial Complex, Al Jazeera Bank, Al Mutab Suites Al Mursalat, Baher Hotel Apartments, Dome Suites Hotel Apartments","Bank, Commercial complex, Gas station, Hotel apartments, Market store, Not available"
AL-QUDS,الشرق,1,12,13,"Fun Oasis, Tujer Center for Petroleum Services, Al Quds Oil Station, Sindibad House Fuel Station, Aldrees Gas Station, Adel Al Maleki Gas Station, Aldrees Gas Station, SASCO Gas Station, Petro Iqbal Station, Aldrees Petrol Station, Houssam Halwani Grocery Store, Universal Cold Stores Company Grocery Store, Babaker Bakeries and Grocery Stores","Gas station, Grocery store, Petrol station, ترفيهي"
ISHBILIYAH,الشرق,0,13,13,"Al Aziziyah Panda United Company Ishbilyah Branch, Tamimi Market Company, Abdullah Al Othaim Markets Company Ishbilyah Branch, Al Ghamdi Gas Station, Aldrees Gas Station, Zaiti Gas Station, Zaiti Gas Station, Ishbilyah Fuel Station, Aldrees Gas Station, Sahel Gas Station, Awaser Al Jazeera Markets, Mutawakkil Markets and Bakeries, Aroval Markets and Bakeries","Gas station, Market store, Petrol station"
AZ-ZAHRA,الغرب,0,12,12,"Al Fuzan Gas Station, Aldrees Gas Station, Aldrees Gas Station, Al Shuja' Gas Station, Az Zahra Oil Station, Az Zahra Oil Station, Golden Fuel Station, Al Shamlan Gas Station, Az Zahra Gas Station, Aldrees Gas Station, Qubul Gas Station, Rukun Al Mawasem Grocery Store","Gas station, Grocery store, Petrol station"
SALAH AD DEEN,الوسط,0,12,12,"Al Tamimi Markets Company Salah Ad Deen Branch, Aldrees Gas Station, Salah Ad Deen Oil Station, Shawarina - Shoe Store, Max - Clothing Store, Comfortable Shoe - Shoe Store, Al Jazi Supermarket, Extra, Saudi Al Ahli Bank, Al-Harbi and Al-Dayaa Markets, Jumeirah Markets and Bakeries, Jarir Bookstore","Bank, Gas station, Market store, Not available, Petrol station, Supermarket"
AL- NADWAH,الشرق,0,11,11,"Abdullah Al Othaim Markets Company Al Nadwah Branch, Liter Gas Station, Al Say'ari Fuel Station, Al Bateen Complex for Petroleum Services, Al Zahrani Gas Station, Al Babiteen Gas Station, Al Atoz Station for Petroleum Services, Al Sai'ari Gas Station, Liter Station for Petroleum Services, Shumukh Ad Dar Grocery Store, Sidra Market Bakeries and Grocery Stores","Gas station, Grocery store, Market store, Petrol station"
AR-RAYAN,الشرق,1,10,11,"Chuck E. cheese, Abdullah Al Othaim Markets Company, Aldrees Gas Station, Petro Iqbal Station, Aldrees Gas Station, Petromin Gas Station, Aldrees Gas Station, Zaiti Gas Station, Al Muqran Gas Station, Universal Cold Stores, Al Baraka Grocery Store","Gas station, Grocery store, Market store, Petrol station, ترفيهي"
UTAYQAH,الوسط,0,11,11,"Abdullah Al Othaim Markets Company Utayqah Branch, Aldrees Gas Station, Sahel Gas Station, Sa'ud Al Shumeifi Gas Station, Aldrees Gas Station, Utayqah Gas Station, Aldrees Gas Station, Raw'at Al Keif Grocery Store, A'hud Grocery Store, Panda Hypermarket, Madar Al Qadesiya Trading Company Grocery Store","Gas station, Grocery store, Hypermarket, Market store"
NAMAR,الغرب,0,11,11,"Jawaher Petrol Station, Aldrees Gas Station, Al Tayseer Gas Station, Aldrees Gas Station, Sahel Gas Station, Sahel Gas Station, Al Amoria Furnished Apartments, Mamiran Furnished Residential Units, Masaken Al Ma'moora Apartments Residential Units, Najmat Manami Furnished Residential Units, Namar Grocery Store","Gas station, Grocery store, Petrol station, Residential units"
AL-MANAR,الشرق,0,10,10,"Zahrat Al Salam Said Bathebi Gas Station, HIMA Gas Station, Petro Iqbal Station, Riyadh Construction Gas Station, Palm Gas Station, Petromin Gas Station, Naft Station - Khurais, Liter Gas Station, Al Ahliyah Gas Station, Aldrees Gas Station","Gas station, Petrol station"
JAREER,الوسط,0,10,10,"Neptune Station for Petroleum Services, Aldrees Gas Station, Jareer Gas Station, Sumuw Al Bader Gas Station, Aldrees Gas Station, Panda Markets, Al Mudeifer Grocery Store, Jareer Grocery Store, Andalus Market, Saudi National Bank","Bank, Gas station, Grocery store, Market store, Not available, Petrol station"
AL-NAKHEEL,الوسط,1,8,9,"Bricks 4 Kidz, Al Tamimi Markets Company, Al Aziziyah Panda United Company, Al Nakheel Oil Station, Nassar Gas Station, Nassar Gas Station, Kunooz Gas Station, Riyada Home - Hotel Apartments, Crown Plaza - Digital City","Gas station, Hotel, Hotel apartments, Market store, Petrol station, ترفيهي"
AL-QADISIYAH,الشرق,0,9,9,"Abdullah Al Othaim Markets Company Al Qadisiyah Branch, Al Nahdi Fuel Station, Al Jam'an Station for Petroleum Services, Iqbal Gas Station, Atyaf Al Bayareq Gas Station, Automatic Fuel Connection Station, Al Atoz Fuel Station, Marhaba Petrol Station, Al Nahdi Markets","Gas station, Market store, Petrol station"
AL-KHALIDIAH,الوسط,0,9,9,"Al Khalidiya Petro Station, Al Khalidiya Petro Station 2, Al Khalidiya Gas Station, Al Khalidiya Gas Station, Al Khalidiya Gas Station, Sahel Gas Station, Aldrees Gas Station, Shawamekh Palace Furnished Residential Units, Al Mushareb Supermarket","Gas station, Petrol station, Residential units, Supermarket"
OKAZ,الجنوب,0,9,9,"Wahej Gas Station, Abed Al Rahman Hamad Al D'ailej Fuel Station, Okaz Gas Station, Asia Petrol Station, Charity Station, Saleh Hamdan Al Omari Petrol Station, Al Salemi Gas Station, Masaken Al Ma'moora Apartments Residential Units, Abdullah Al Othaim Markets","Gas station, Market store, Petrol station, Residential units"
AL-BADEAH,الوسط,0,9,9,"Nobility Petrol Station, Hamed Jam'an Al Ghamedi Gas Station, Aldrees Gas Station, Aldrees Fuel Station, Aldrees Gas Station, Al Yamama Palace Furnished Residential Units, Madaya Furnished Apartments, Nova Residential Units, Bawazeer Markets","Gas station, Market store, Petrol station, Residential units"
MANFUHA,الوسط,0,8,8,"Najd Gas Station, Jahez Petrol Station, Aldrees Gas Station, Petroly Gas Station, Nahdat Ar Rayan Gas Station, kaheel Gas Station, Manfuha Gas Station, Ghaitha bint Abdullah Hassan Al Shahri Grocery Store","Gas station, Grocery store, Petrol station"
DIRAB,الغرب,0,8,8,"Panda Supermarket, Al Ghamdi Gas Station, Al Jam'an Gas Station, Al Qahtani Gas Station, Aridi Central Markets, Al Ghamedi Grocery Store, Makarem Al Khaleej Grocery Store, Al Ma'azim Grocery Store","Gas station, Grocery store, Market store, Supermarket"
GHUBAIRA,الوسط,0,8,8,"Saleh Hamed Mohammad Gas Station, Al Tayash Gas Station, Al Wadi Fuel Station, Ghubaira Gas Station, Safa Gas Station, Liter Gas Station, High Value Grocery Store, Ghubaira Grocery Store","Gas station, Grocery store, Petrol station"
NORTH AL-MATHAR,الوسط,1,7,8,"Sparky's, Danube Co. for Food and Luxuries, Panda Retail Company North Al Mathar Branch, Orient Hotel, Grand Plaza Hotel - Specialist, Vivienda - Hotel Villas, Panorama Mall, AMC Cinema - Panorama Mall","Commercial center, Hotel, Hotel apartments, Hypermarket, Market store, ترفيهي"
AN-NOOR,الجنوب,0,8,8,"Jam'an Al Ghamedi Station, Sahel Gas Station, Sahel Gas Station, Al No'man Fuel Station, Aldrees Fuel Station, Al No'man Oasis Gas Station, Petro Iqbal Station, An Noor Fuel Station","Gas station, Petrol station"
AL-JAZEERAH,الجنوب,0,7,7,"Panda Markets, Aldrees Fuel Station, Aldrees Petrol Station, Aldrees Gas Station, Country Gas Station, Riyadh Petrol Station, Shaza Riyadh - Hotel Apartments","Gas station, Hotel apartments, Market store, Petrol station"
AL-FAISALIYAH,الوسط,0,7,7,"Aldrees Petrol Station, SASCO Palm Gas Station, Al Olayan Gas Station, Al Najah Fuel Station, Aldrees Petrol Station, Al Faisaliyah Gas Station, Al Faisaliyah Gas Station","Gas station, Petrol station"
AS-SINAIYAH,الوسط,0,7,7,"Aldrees Gas Station, Aldrees Petrol Station, Riyad Bank, SNB AlAhli, ANB Bank, Al Rajhi  Bank, Bank AlBilad","Bank, Gas station, Not available, Petrol station"
ASH-SHOMAISI,الوسط,0,7,7,"Mut'ab Hamad Al Zheiry Gas Station, Aldrees Gas Station, Aldrees Gas Station, Aldrees Fuel Station, Aldrees Gas Station, Ash Shomaisi Grocery Store, Ash Shomaisi Grocery Store","Gas station, Grocery store, Petrol station"
SULTANAH,الغرب,0,7,7,"Al Aziziyah Panda United Company, Budoor Al Khaleej Gas Station, SASCO Gas Station, Al Olyan Gas Station, Sahel Gas Station, Al Moussa Gas Station, Schools Grocery Store","Gas station, Grocery store, Market store"
UMM-SALEEM,الوسط,0,7,7,"Abdullah Jaser Al Shahri Gas Station, Aldrees Gas Station, Hanan Station for Petroleum Services, Al Othaim Markets, Umm Saleem Grocery Store, Umm Saleem Grocery Store, Umm Saleem Grocery Store","Gas station, Grocery store, Market store, Petrol station"
KING KHALID INT.AIRPORT,الشمال,2,5,7,"Evoution, Happiness Museum, Ohod Gas Station, SASCO Gas Station, Marriott Hotel Airport, Riyadh Front, VOX Cinema - Riyadh Front","Gas station, Hotel, Not available, ترفيهي"
GHIRNATAH,الشرق,0,7,7,"Ghirnata Gas Station, Ashour Gas Station, Aldrees Gas Station, Al Haitham Fuel Station, Fuel System Station, Aldrees Gas Station, Taleen - Hotel Apartments","Gas station, Hotel apartments, Petrol station"
AZ-ZAHRAA,الوسط,0,7,7,"SASCO Gas Station, Al Seteen Palace Hotel, Carrefour Market Malaz, Park Inn by Radisson Riyadh, Riyadh Bank, Riyad Bank, Alinma Bank","Bank, Gas station, Hotel, Not available"
NEW INDUSTRIAL CITY,الجنوب,0,7,7,"Al Jeri Fuel Station, Isnad Fuel Station in Second Industrial, Sahel Gas Station, Swiss Vision Hotel, Cristal Amaken Hotel, Nesto Hyper Market, Mohammad Salman Al Dusri Grocery Store","Gas station, Grocery store, Hotel, Hypermarket, Petrol station"
AL-FUTAH,الوسط,0,6,6,"Al Madina Hypermarket, Bin Makhashen Gas Station, Al Qubaishi Grocery Store, Al Futah Grocery Store, Al Rajhi Bank, Al Batha Commercial Center","Bank, Commercial center, Gas station, Grocery store, Hypermarket"
Al Bayan,الشرق,0,6,6,"Masharef Al Bayan for Petroleum Services, Al Raed Legend Fuel Station, Jarash Climate Gas Station, Sawa'ed Al Qusaim Gas Station, Al Bayan Grocery Store, Berries Bakeries and Grocery Stores","Gas station, Grocery store, Petrol station"
IRQAH,الغرب,0,6,6,"Danube Co. for Food and Luxuries, Sahel Gas Station, Palm Inn Residential Units, Carrefour - Irqah Branch, Janayen Raspberry Markets, Al Tamimi Irqah Plaza Markets","Gas station, Hypermarket, Market store, Residential units"
DAHIAT NAMAR,الغرب,0,6,6,"Housing Guard Gas Station, Petro kin Gas Station 3, Nashet Gas Station, Dahiat Namar Gas Station, Jawharat Dirab Fuel Station, Dahiat Namar Grocery Store","Gas station, Grocery store, Petrol station"
AL-WAHAH,الوسط,1,5,6,"Le Petite Sofa, Petrolat Fuel Station, Awan Al Wared Grocery Store, Rax Residency - Al-Waha, Saudi French Bank - Al-Waha Branch, Crown Plaza Riyadh Al-Waha","Bank, Grocery store, Not available, Petrol station, Residential units, ترفيهي"
AR-RAED,الوسط,0,6,6,"Al Tamimi Markets Company, Aldrees Gas Station, SASCO Gas Station, Lotuston - Hotel Apartments, Luthan Hotel and Spa for Women, Ar Raed Grocery Store","Gas station, Grocery store, Hotel, Hotel apartments, Market store"
AL-AOUD,الوسط,0,6,6,"Abdulaziz Abed Al Rahman Gas Station, Saleh Hamdan Al Omari Gas Station, Al Aoud Oil Station, Al Aoud Gas Station, Isnad Refrigerator Grocery Store, Abdullah Abboud Salem Grocery Store","Gas station, Grocery store, Petrol station"
AL-MISFAH,الجنوب,0,5,5,"Sunbula Gas Station, Sahel Gas Station, Nawf Gas Station, Areej Fuel Station, Sahel Fuel Station","Gas station, Petrol station"
OLAISHAH,الوسط,0,5,5,"Al Aziziyah Panda United Company Olaishah Branch, Al Ta'awon Gas Station, Aldrees Petrol Station, Ronza Land Residential Units, Mutlaq Al Hadi Grocery Store","Gas station, Grocery store, Market store, Petrol station, Residential units"
AL-MUHAMMADIYAH,الوسط,1,4,5,"Adventura, Aldrees Gas Station, Sahel Gas Station, Ibin Mu'ammar Station for Petroleum Services, The Zone","Gas station, Not available, Petrol station, ترفيهي"
LABAN,الغرب,0,5,5,"Aldrees Gas Station, Aldrees Gas Station, Laban Gas Station, Laban Gas Station, As Sai'ari Markets","Gas station, Market store"
AL-MANAKH,الجنوب,0,5,5,"Aldrees Gas Station, Al Wissam Gas Station, Al Briki Fuel Services, Al Munakh Station, Al Manakh Grocery Store","Gas station, Grocery store, Petrol station"
AL-HAIER,الجنوب,0,5,5,"Al Fallah Gas Station, Najd Complex Gas Station, Al Ghoson Complex for Petroleum Services, Al Haier Supermarket, Al Haier Grocery Store","Gas station, Grocery store, Petrol station, Supermarket"
AD-DIRAH,الوسط,0,4,4,"Grand Mena Hotel, Corp Hotel, Sultan Al Omari Grocery Store, Ad Dirah Grocery Store","Grocery store, Hotel"
AL-HADA,الوسط,0,4,4,"The Ritz-Carlton Hotel, Vivienda - Hotel Villas, Courtyard Marriott Hotel, Fahed Al Shabanat Central Markets","Hotel, Hotel apartments, Market store"
AL-MASHAEL,الجنوب,0,4,4,"Arkan Al Toot Gas Station, Zaiti Gas Station, Asia Petrol Station, Al Jazeera Planets Gas Station","Gas station, Petrol station"
BINBAN,الشمال,0,4,4,"Hala Gas Station, Binban Gas Station, Binban Gas Station, InterContinental Hotel Dorrat Al Riyadh Resort","Gas station, Hotel"
JABRAH,الوسط,0,4,4,"Jabrah Gas Station, Jabrah Gas Station, Mesfaty Petrol Station, Elite Markets","Gas station, Market store, Petrol station"
KING ABDULLAH,الوسط,0,4,4,"Best Western Fursan Hotel, Vittoria Palace, Al-Rashid Markets and Sweets - Al-Waha Branch, Radisson Blu Hotel, Riyadh Conference & Exhibition Center","Hotel, Not available"
AL-MUTAMARAT,الوسط,0,4,4,"Danube Co. for Food and Luxuries, InterContinental Hotel, Aber Hotel, Nojoud Mall","Commercial center, Hotel, Hypermarket"
MANFUHA AL-JADEEDAH,الوسط,0,4,4,"Flower Gas Station, Aldrees Gas Station, Al Othaim Markets, Manfuha Al Jadeeda Grocery Store","Gas station, Grocery store, Market store"
AR-RAFEAH,الوسط,0,4,4,"Al Rajhi Fuel, Aldrees Petrol Station, Naft Gas Station, Al Fallah Fuel Station","Gas station, Petrol station"
AL-MATHAR,الوسط,1,3,4,"Sky Zone, Al Tamimi Markets Company, Aldrees Gas Station, Panda Hypermarket","Gas station, Hypermarket, Market store, ترفيهي"
ASH-SHARAFIYAH,الوسط,0,3,3,"Khamees Baklka Gas Station, Al Say'ari Gas Station, Jadeera Grocery Store","Gas station, Grocery store"
AL-MARGAB,الوسط,0,3,3,"Seel Rose Gas Station, Gloria Inn Hotel, Al Margab Grocery Store","Gas station, Grocery store, Hotel"
AL-YAMAMAH,الوسط,0,3,3,"Aldrees Gas Station, Liter Gas Station, Al Yamama Grocery Store","Gas station, Grocery store"
AD-DURAIHEMIYAH,الغرب,0,3,3,"Ad Duraihemiyah Oil Station, Ad Duraihemiyah Fuel Station, Gold Wells Gas Station for Cars Services",Petrol station
AL-GHANAMIYAH,الجنوب,0,3,3,"Jahez Petrol Station, Al Qahtani Grocery Store, Al Omari Grocery Store","Grocery store, Petrol station"
DAHRAT-AL-ODAH-SHARQ-AD DIRIYAH,الدرعية,0,3,3,"Al Say'ari Gas Station, Ad Diriyah Petrol Station, Reef Shaqra Grocery Store","Gas station, Grocery store, Petrol station"
THULAIM,الوسط,0,3,3,"Sahel Petrol Station, Al Qahtani Gas Station, Abdullah Ali Mohammad Al Halabi Grocery Store","Gas station, Grocery store, Petrol station"
KING SAUD UNIVERSITY,الوسط,0,3,3,"Al Othaim Markets, U Walk, Muvi Cinema - U Walk","Market store, Not available"
OHOD,الجنوب,0,3,3,"Tamahal Petrol Station, Aldrees Petrol Station, Petro Gas Station","Gas station, Petrol station"
AS-SAFA,الوسط,0,3,3,Rukun Al Othaim Supermarket,"Not available, Supermarket"
EAST UMM AL-HAMAM,الوسط,0,3,3,"Jahez Petrol Station for Fuel, Taqat for Fuel, Vivienda - Hotel Villas","Hotel apartments, Petrol station"
AN-NASIRIYAH,الوسط,0,3,3,"Aldrees Gas Station, Golden Tulip Hotel, Aziza Al Shahri Grocery Store","Gas station, Grocery store, Hotel"
AL-MAIZALIYAH,الشرق,0,3,3,"Petro Jadaf Gas Station, Al Say'ari Gas Station, Gulf Grocery Store","Gas station, Grocery store"
AN-NAMUTHAJIYAH,الوسط,0,3,3,"Sahel Gas Station, First Room - Hotel Apartments, Voco Hotel","Gas station, Hotel, Hotel apartments"
AS-SAFARAT,الوسط,0,3,3,"As Safarat Gas Station, Radison Blue, Marriott Hotel As Safarat - Hotel Apartments","Gas station, Hotel, Hotel apartments"
TAYBAH,الجنوب,0,2,2,"Zaiti Gas Station, Aldrees Gas Station",Gas station
AL-MAHDIYAH,الغرب,0,2,2,"Al Mahdiyah Petrol Station, Al Mahdiyah Grocery Store","Grocery store, Petrol station"
AL-ASEMAH-AD DIRIYAH,الدرعية,0,2,2,"Al Juaidi Gas Station, Sultan Central Markets","Gas station, Market store"
AL-FAISALIYAH-AD DIRIYAH,الدرعية,0,2,2,"Jamaan Hamed Jamaan Al Ghamedi Gas Station, Aldrees Gas Station",Gas station
AS-SALHIYAH,الوسط,0,2,2,"Al Uwaythani Gas Station, As Salhiyah Grocery Store","Gas station, Grocery store"
AR-RAHMANIYAH,الوسط,0,2,2,"Liter Gas Station, Royal Mall","Commercial center, Gas station"
AL-WISHAM,الوسط,0,2,2,"Al Wisham Gas Station, Panda Markets","Gas station, Market store"
AL-BARIYAH,الجنوب,0,2,2,"Octane Fuel Station, Al Bariyah Gas Station","Gas station, Petrol station"
AL-FAKHIRIYAH,الوسط,0,2,2,"AC Delco Gas Station, Al Obaidi Gas Station",Gas station
AL-BADEAH,الغرب,0,2,2,"Aldrees Gas Station, Al Othaim 311 Markets Al Jaradiyah","Gas station, Market store"
KHASHM AL ANN,الشرق,0,2,2,"Khashm Al Ann Gas Station, Khashm Al Ann Gas Station",Gas station
Al Mashriq,الشرق,0,2,2,"Sahari Gas Station, Al Wurud Petro Station","Gas station, Petrol station"
AL-JARRADIYAH,الوسط,0,1,1,Al Wufood Gas Station,Gas station
AL-BOTAIHA,الوسط,0,1,1,National Elite Gas Station,Gas station
AD-DIFAA,الجنوب,0,1,1,Tas'helat Fuel Station,Petrol station
AL-ISKAN,الجنوب,0,1,1,Al Iskan Fuel Station,Petrol station
AL-AMAJIYAH,الجنوب,0,1,1,Jalal Minimarket,Market store
AL-WESITA,الوسط,0,1,1,Riyadh Petrol Station,Petrol station
AL-URAIJA,الغرب,0,1,1,Rajwa Company Gas Station,Gas station
DAHRAT-AL-ODAH-GHARB-AD DIRIYAH,الدرعية,0,1,1,Petro Star Station,Petrol station
Al Fursan,الشرق,0,1,1,Al Jefen Gas Station,Gas station
Al Ola,الشرق,0,1,1,Al Tamyeez Petro Station,Petrol station
HEET,الجنوب,0,1,1,Al Jeel Gas Station,Gas station
MEEKAL,الوسط,0,1,1,Al Fateh Gas Station,Gas station
SKIRINAH,الوسط,0,1,1,Aldrees Gas Station,Gas station
SIYAH,الوسط,0,1,1,Abdulaziz Al ElSheikh Gas Station,Gas station
