الحي_الأول,الحي_الثاني,المسافة_KM,الوقت_المتوقع_MINUTE
AR-RAWABI,AR-RAYAN,1.76,3.4
AL-HAMRA,KING FAISAL,1.89,3.7
AL-YARMUK,ISHBILIYAH,1.93,3.8
AL-KHALEEJ,AN-NAHDAH,2.04,4.0
ASH-SHOHDA,GHIRNATAH,2.06,4.0
EAST AN-NASEEM,WEST AN-NASEEM,2.19,4.3
AL- NADWAH,AN-NADHEEM,2.27,4.4
AL-JANADRIYAH,AN-NADHEEM,2.28,4.4
AL-ANDALUS,AL-MANAR,2.33,4.5
AL-KHALEEJ,ISHBILIYAH,2.38,4.6
AS-SALAM,WEST AN-NASEEM,2.46,4.8
AL-MUANISIYAH,AL-YARMUK,2.48,4.8
GHIRNATAH,QURTUBAH,2.5,4.9
AL-MANAR,AS-SALAM,2.5,4.9
AL-ANDALUS,AR-RAWDAH,2.51,4.9
AL-MANAR,WEST AN-NASEEM,2.57,5.0
AL-HAMRA,GHIRNATAH,2.6,5.1
AL-QUDS,KING FAISAL,2.65,5.2
AL-MANAR,AR-RAYAN,2.69,5.2
AL-HAMRA,AL-QUDS,2.71,5.3
EAST AN-NASEEM,KHASHM AL ANN,2.72,5.3
AL-HAMRA,ASH-SHOHDA,2.79,5.4
AL-QUDS,AR-RAWDAH,2.84,5.5
AL-ANDALUS,KING FAISAL,2.88,5.6
AL-KHALEEJ,KING FAISAL,2.96,5.8
AL-ANDALUS,AN-NAHDAH,3.04,5.9
AR-RAWDAH,AR-RAYAN,3.09,6.0
AR-RAWABI,AS-SALAM,3.1,6.0
AL-MUANISIYAH,QURTUBAH,3.17,6.2
AL-HAMRA,ISHBILIYAH,3.18,6.2
ISHBILIYAH,KING FAISAL,3.22,6.3
Al Fursan,Al Ola,3.25,6.3
AL-MANAR,AR-RAWDAH,3.34,6.5
AL-YARMUK,GHIRNATAH,3.36,6.6
AL-MAIZALIYAH,AL-QADISIYAH,3.37,6.6
AR-RAYAN,AS-SALAM,3.41,6.6
AL- NADWAH,AL-MAIZALIYAH,3.42,6.7
KHASHM AL ANN,WEST AN-NASEEM,3.48,6.8
ASH-SHOHDA,QURTUBAH,3.52,6.9
AL-MUANISIYAH,GHIRNATAH,3.65,7.1
AL-MANAR,AR-RAWABI,3.72,7.3
AN-NAHDAH,EAST AN-NASEEM,3.73,7.3
AR-RAWDAH,KING FAISAL,3.75,7.3
GHIRNATAH,ISHBILIYAH,3.78,7.4
AL-ANDALUS,AL-KHALEEJ,3.79,7.4
AL-QADISIYAH,AL-YARMUK,3.81,7.4
AL- NADWAH,AL-JANADRIYAH,3.86,7.5
AN-NAHDAH,KING FAISAL,3.92,7.6
AN-NAHDAH,WEST AN-NASEEM,3.93,7.7
AL-ANDALUS,AL-QUDS,3.95,7.7
AL-QUDS,ASH-SHOHDA,3.99,7.8
AL-ANDALUS,WEST AN-NASEEM,4.05,7.9
AL-ANDALUS,AR-RAYAN,4.1,8.0
AL-HAMRA,AL-YARMUK,4.14,8.1
AL-HAMRA,AL-KHALEEJ,4.16,8.1
AL-MANAR,AN-NAHDAH,4.2,8.2
AL-KHALEEJ,AL-YARMUK,4.24,8.3
AL-JANADRIYAH,AL-MAIZALIYAH,4.29,8.4
AL-QADISIYAH,ISHBILIYAH,4.33,8.4
AL-MUANISIYAH,ISHBILIYAH,4.37,8.5
GHIRNATAH,KING FAISAL,4.39,8.6
AN-NAHDAH,ISHBILIYAH,4.42,8.6
AL-YARMUK,QURTUBAH,4.51,8.8
AS-SALAM,EAST AN-NASEEM,4.54,8.9
AL-MAIZALIYAH,AN-NADHEEM,4.54,8.9
AL-MANAR,EAST AN-NASEEM,4.55,8.9
ASH-SHOHDA,KING FAISAL,4.61,9.0
AS-SALAM,KHASHM AL ANN,4.69,9.1
AL-ANDALUS,AL-HAMRA,4.71,9.2
AL-ANDALUS,AS-SALAM,4.82,9.4
AR-RAWABI,AR-RAWDAH,4.85,9.5
AL-YARMUK,KING FAISAL,4.86,9.5
AL-QUDS,GHIRNATAH,4.95,9.7
AR-RAYAN,WEST AN-NASEEM,4.95,9.7
AL-HAMRA,AR-RAWDAH,4.98,9.7
AL-MUANISIYAH,AL-QADISIYAH,5.08,9.9
AL-HAMRA,QURTUBAH,5.09,9.9
AL-KHALEEJ,AL-QADISIYAH,5.19,10.1
AL-MANAR,KING FAISAL,5.21,10.2
AL-KHALEEJ,AL-MAIZALIYAH,5.21,10.2
AR-RIMAL,Al Bayan,5.22,10.2
AR-RAWABI,WEST AN-NASEEM,5.3,10.3
AL-ANDALUS,EAST AN-NASEEM,5.31,10.4
ASH-SHOHDA,ISHBILIYAH,5.32,10.4
AL-YARMUK,ASH-SHOHDA,5.34,10.4
AL-QADISIYAH,AR-RIMAL,5.37,10.5
AL-ANDALUS,ISHBILIYAH,5.44,10.6
AN-NAHDAH,AR-RAWDAH,5.53,10.8
AR-RAWDAH,AS-SALAM,5.54,10.8
AL-QUDS,ISHBILIYAH,5.56,10.8
AL-KHALEEJ,AL-QUDS,5.59,10.9
AL-HAMRA,AN-NAHDAH,5.61,10.9
AL-ANDALUS,AR-RAWABI,5.62,11.0
AL-MUANISIYAH,ASH-SHOHDA,5.62,11.0
AL-MAIZALIYAH,AN-NAHDAH,5.63,11.0
AL-HAMRA,AL-MUANISIYAH,5.65,11.0
AL-KHALEEJ,AL-MANAR,5.67,11.1
AL-JANADRIYAH,Al Bayan,5.68,11.1
AL-KHALEEJ,EAST AN-NASEEM,5.71,11.1
ISHBILIYAH,QURTUBAH,5.72,11.2
AL-KHALEEJ,GHIRNATAH,5.78,11.3
AL-MANAR,AL-QUDS,5.8,11.3
AR-RAWDAH,WEST AN-NASEEM,5.82,11.3
AL-MAIZALIYAH,ISHBILIYAH,5.87,11.4
AL-JANADRIYAH,AL-QADISIYAH,5.88,11.5
AL-KHALEEJ,AR-RAWDAH,5.9,11.5
AL-QUDS,AR-RAYAN,5.92,11.5
AL-KHALEEJ,WEST AN-NASEEM,5.92,11.5
AN-NAHDAH,AS-SALAM,5.97,11.6
AL-MANAR,KHASHM AL ANN,5.98,11.7
AL-MUANISIYAH,AR-RIMAL,6.11,11.9
AL-QUDS,AN-NAHDAH,6.22,12.1
AL-YARMUK,AN-NAHDAH,6.28,12.2
AL-MAIZALIYAH,AL-YARMUK,6.37,12.4
AN-NAHDAH,KHASHM AL ANN,6.41,12.5
AR-RAYAN,KING FAISAL,6.51,12.7
KING FAISAL,WEST AN-NASEEM,6.67,13.0
AL- NADWAH,AL-QADISIYAH,6.67,13.0
AL-QADISIYAH,AN-NAHDAH,6.67,13.0
AL-KHALEEJ,AL-MUANISIYAH,6.72,13.1
AN-NAHDAH,AR-RAYAN,6.73,13.1
AR-RAWDAH,ASH-SHOHDA,6.81,13.3
AL-QUDS,AL-YARMUK,6.81,13.3
AL-KHALEEJ,ASH-SHOHDA,6.86,13.4
KING FAISAL,QURTUBAH,6.88,13.4
AL-MUANISIYAH,KING FAISAL,6.89,13.4
AR-RAWDAH,ISHBILIYAH,6.93,13.5
AL-HAMRA,AL-MANAR,7.01,13.7
AL-MAIZALIYAH,EAST AN-NASEEM,7.04,13.7
AL-YARMUK,AR-RIMAL,7.08,13.8
AR-RAYAN,EAST AN-NASEEM,7.09,13.8
AL- NADWAH,EAST AN-NASEEM,7.16,14.0
AL-QADISIYAH,AN-NADHEEM,7.17,14.0
AL-QADISIYAH,GHIRNATAH,7.17,14.0
AL-QUDS,QURTUBAH,7.25,14.1
AL-ANDALUS,ASH-SHOHDA,7.26,14.2
AL-ANDALUS,GHIRNATAH,7.26,14.2
AL-ANDALUS,AL-YARMUK,7.32,14.3
EAST AN-NASEEM,KING FAISAL,7.38,14.4
AL-QADISIYAH,KING FAISAL,7.42,14.5
AL-ANDALUS,KHASHM AL ANN,7.46,14.5
AL-HAMRA,AL-QADISIYAH,7.46,14.5
AR-RAWABI,EAST AN-NASEEM,7.48,14.6
AR-RAWDAH,EAST AN-NASEEM,7.51,14.6
AL- NADWAH,AN-NAHDAH,7.51,14.6
AR-RAWDAH,GHIRNATAH,7.52,14.7
AN-NAHDAH,GHIRNATAH,7.62,14.9
AL-MANAR,ISHBILIYAH,7.63,14.9
AL-QUDS,AR-RAWABI,7.68,15.0
AS-SALAM,KING FAISAL,7.69,15.0
AL-QADISIYAH,Al Bayan,7.73,15.1
AR-RAWABI,KHASHM AL ANN,7.76,15.1
AL-KHALEEJ,AS-SALAM,7.77,15.2
AN-NADHEEM,Al Bayan,7.86,15.3
AL-KHALEEJ,AR-RAYAN,7.87,15.3
AL- NADWAH,AL-KHALEEJ,7.89,15.4
AL-JANADRIYAH,AR-RIMAL,7.91,15.4
AN-NAHDAH,AR-RAWABI,7.92,15.4
AL-QUDS,WEST AN-NASEEM,7.96,15.5
AL-KHALEEJ,QURTUBAH,7.98,15.6
AL-HAMRA,AR-RAYAN,7.99,15.6
AR-RAYAN,KHASHM AL ANN,7.99,15.6
AL-QADISIYAH,QURTUBAH,8.01,15.6
EAST AN-NASEEM,ISHBILIYAH,8.08,15.8
AL-MAIZALIYAH,KING FAISAL,8.12,15.8
AL-MAIZALIYAH,AR-RIMAL,8.12,15.8
AR-RAWABI,KING FAISAL,8.19,16.0
AL-QUDS,AS-SALAM,8.21,16.0
AL-MAIZALIYAH,AL-MUANISIYAH,8.23,16.0
ISHBILIYAH,WEST AN-NASEEM,8.24,16.1
AL-MUANISIYAH,AL-QUDS,8.31,16.2
AN-NAHDAH,ASH-SHOHDA,8.4,16.4
AL-KHALEEJ,KHASHM AL ANN,8.42,16.4
AL- NADWAH,KHASHM AL ANN,8.53,16.6
AL-HAMRA,WEST AN-NASEEM,8.56,16.7
AL-ANDALUS,AL-MAIZALIYAH,8.58,16.7
AL-MAIZALIYAH,Al Bayan,8.59,16.8
AL-YARMUK,AR-RAWDAH,8.6,16.8
AL-MAIZALIYAH,WEST AN-NASEEM,8.65,16.9
AR-RIMAL,ISHBILIYAH,8.66,16.9
AL-MUANISIYAH,AN-NAHDAH,8.76,17.1
AL-HAMRA,AL-MAIZALIYAH,8.9,17.4
AL-ANDALUS,AL-QADISIYAH,8.98,17.5
AR-RIMAL,QURTUBAH,9.03,17.6
AL- NADWAH,ISHBILIYAH,9.07,17.7
AL-QADISIYAH,ASH-SHOHDA,9.12,17.8
AL-HAMRA,EAST AN-NASEEM,9.2,17.9
AL-QUDS,EAST AN-NASEEM,9.21,18.0
AL- NADWAH,WEST AN-NASEEM,9.24,18.0
AL-MAIZALIYAH,KHASHM AL ANN,9.27,18.1
AR-RAWDAH,KHASHM AL ANN,9.29,18.1
AL-KHALEEJ,AR-RAWABI,9.3,18.1
AL-QADISIYAH,EAST AN-NASEEM,9.35,18.2
AN-NADHEEM,EAST AN-NASEEM,9.43,18.4
AL-MANAR,ASH-SHOHDA,9.45,18.4
AR-RAYAN,ISHBILIYAH,9.46,18.4
AL-JANADRIYAH,AL-KHALEEJ,9.47,18.5
AL- NADWAH,Al Bayan,9.48,18.5
AL-MAIZALIYAH,GHIRNATAH,9.49,18.5
AL-HAMRA,AS-SALAM,9.52,18.6
AN-NADHEEM,AN-NAHDAH,9.53,18.6
AL-MANAR,AL-YARMUK,9.55,18.6
AL-ANDALUS,AL-MUANISIYAH,9.58,18.7
AL-MANAR,GHIRNATAH,9.58,18.7
AL-KHALEEJ,AN-NADHEEM,9.61,18.7
AL-JANADRIYAH,AL-YARMUK,9.66,18.8
AR-RIMAL,GHIRNATAH,9.69,18.9
AL-HAMRA,AR-RAWABI,9.73,19.0
AL-JANADRIYAH,ISHBILIYAH,9.73,19.0
AL-MAIZALIYAH,AL-MANAR,9.76,19.0
AL-ANDALUS,QURTUBAH,9.76,19.0
AL- NADWAH,AL-YARMUK,9.77,19.1
AL-YARMUK,EAST AN-NASEEM,9.86,19.2
AL-JANADRIYAH,AN-NAHDAH,9.87,19.2
KHASHM AL ANN,KING FAISAL,9.87,19.2
AL-QADISIYAH,AL-QUDS,9.88,19.3
AR-RAYAN,ASH-SHOHDA,9.9,19.3
AS-SALAM,ISHBILIYAH,9.92,19.3
AN-NAHDAH,QURTUBAH,9.92,19.3
AR-RAWDAH,QURTUBAH,9.93,19.4
AN-NADHEEM,AR-RIMAL,10.07,19.6
AL-YARMUK,WEST AN-NASEEM,10.14,19.8
AL-KHALEEJ,AR-RIMAL,10.27,20.0
AN-NADHEEM,ISHBILIYAH,10.4,20.3
AL-QADISIYAH,WEST AN-NASEEM,10.43,20.3
AL-MUANISIYAH,AR-RAWDAH,10.53,20.5
AL- NADWAH,AL-ANDALUS,10.54,20.6
AR-RAYAN,GHIRNATAH,10.56,20.6
AL-JANADRIYAH,EAST AN-NASEEM,10.58,20.6
AL- NADWAH,AR-RIMAL,10.66,20.8
AL-YARMUK,AN-NADHEEM,10.73,20.9
AN-NADHEEM,KHASHM AL ANN,10.74,20.9
AL-MAIZALIYAH,AL-QUDS,10.77,21.0
AL-MANAR,AL-QADISIYAH,10.77,21.0
AL-JANADRIYAH,AL-MUANISIYAH,10.8,21.1
ISHBILIYAH,KHASHM AL ANN,10.8,21.1
AL- NADWAH,KING FAISAL,10.83,21.1
AL-MUANISIYAH,Al Bayan,10.83,21.1
AL-MAIZALIYAH,QURTUBAH,10.87,21.2
AL-QADISIYAH,AR-RAWDAH,10.95,21.4
AL-MAIZALIYAH,AR-RAWDAH,10.96,21.4
GHIRNATAH,WEST AN-NASEEM,10.96,21.4
AL-YARMUK,Al Bayan,10.99,21.4
AR-RAWABI,ISHBILIYAH,11.05,21.5
AL-MAIZALIYAH,AS-SALAM,11.06,21.6
AL- NADWAH,AL-MANAR,11.06,21.6
AL-MAIZALIYAH,ASH-SHOHDA,11.18,21.8
AL-HAMRA,AR-RIMAL,11.2,21.8
ASH-SHOHDA,WEST AN-NASEEM,11.24,21.9
AL-YARMUK,AR-RAYAN,11.29,22.0
EAST AN-NASEEM,GHIRNATAH,11.33,22.1
AL-QUDS,KHASHM AL ANN,11.4,22.2
AN-NADHEEM,WEST AN-NASEEM,11.5,22.4
AL- NADWAH,AL-MUANISIYAH,11.63,22.7
AR-RAWABI,ASH-SHOHDA,11.66,22.7
AL- NADWAH,AS-SALAM,11.67,22.8
AR-RIMAL,ASH-SHOHDA,11.71,22.8
AL-HAMRA,KHASHM AL ANN,11.74,22.9
AL-YARMUK,AS-SALAM,11.85,23.1
AR-RIMAL,KING FAISAL,11.85,23.1
AL-MANAR,AL-MUANISIYAH,11.87,23.1
AL-QADISIYAH,KHASHM AL ANN,11.89,23.2
AL- NADWAH,AL-HAMRA,11.92,23.2
AS-SALAM,ASH-SHOHDA,11.94,23.3
AN-NAHDAH,AR-RIMAL,11.96,23.3
ASH-SHOHDA,EAST AN-NASEEM,11.98,23.4
Al Bayan,ISHBILIYAH,12.0,23.4
AS-SALAM,GHIRNATAH,12.08,23.6
AL-MANAR,QURTUBAH,12.08,23.6
AL-MUANISIYAH,AN-NADHEEM,12.24,23.9
AL-JANADRIYAH,KHASHM AL ANN,12.28,23.9
AR-RAWABI,GHIRNATAH,12.31,24.0
AL-JANADRIYAH,KING FAISAL,12.32,24.0
AL-MUANISIYAH,EAST AN-NASEEM,12.34,24.1
AL-MAIZALIYAH,AR-RAYAN,12.36,24.1
AL-JANADRIYAH,WEST AN-NASEEM,12.48,24.3
AN-NADHEEM,KING FAISAL,12.56,24.5
AL-YARMUK,KHASHM AL ANN,12.58,24.5
AL-ANDALUS,AN-NADHEEM,12.58,24.5
AL-MUANISIYAH,WEST AN-NASEEM,12.6,24.6
AL-QADISIYAH,AS-SALAM,12.63,24.6
AL- NADWAH,GHIRNATAH,12.79,24.9
AL-KHALEEJ,Al Bayan,12.81,25.0
AL-ANDALUS,AL-JANADRIYAH,12.86,25.1
AL-HAMRA,AL-JANADRIYAH,12.89,25.1
AL-YARMUK,AR-RAWABI,12.91,25.2
AL-JANADRIYAH,GHIRNATAH,13.0,25.4
AR-RAYAN,QURTUBAH,13.01,25.4
AL- NADWAH,AR-RAWDAH,13.04,25.4
AL-QADISIYAH,AR-RAYAN,13.07,25.5
AL-MANAR,AN-NADHEEM,13.26,25.9
AL-MUANISIYAH,AR-RAYAN,13.39,26.1
QURTUBAH,WEST AN-NASEEM,13.41,26.1
AL- NADWAH,AL-QUDS,13.43,26.2
AL-HAMRA,AN-NADHEEM,13.44,26.2
AL-MAIZALIYAH,AR-RAWABI,13.44,26.2
EAST AN-NASEEM,QURTUBAH,13.65,26.6
AL- NADWAH,AR-RAYAN,13.76,26.8
AL-JANADRIYAH,QURTUBAH,13.85,27.0
AL-QUDS,AR-RIMAL,13.89,27.1
AL-JANADRIYAH,AL-MANAR,13.9,27.1
AN-NAHDAH,Al Bayan,13.93,27.2
AN-NADHEEM,AS-SALAM,13.94,27.2
Al Bayan,QURTUBAH,13.95,27.2
AL-ANDALUS,AR-RIMAL,13.95,27.2
AN-NADHEEM,GHIRNATAH,13.96,27.2
GHIRNATAH,KHASHM AL ANN,13.97,27.2
Al Bayan,GHIRNATAH,14.11,27.5
AL-MUANISIYAH,AS-SALAM,14.23,27.7
AL- NADWAH,QURTUBAH,14.28,27.8
AL- NADWAH,ASH-SHOHDA,14.37,28.0
AL-QADISIYAH,AR-RAWABI,14.45,28.2
AL- NADWAH,AR-RAWABI,14.48,28.2
ASH-SHOHDA,KHASHM AL ANN,14.49,28.3
AS-SALAM,QURTUBAH,14.57,28.4
AR-RIMAL,EAST AN-NASEEM,14.7,28.7
AR-RAWABI,QURTUBAH,14.76,28.8
AL-JANADRIYAH,ASH-SHOHDA,14.88,29.0
AL-JANADRIYAH,AS-SALAM,14.94,29.1
AL-JANADRIYAH,AL-QUDS,14.96,29.2
AL-HAMRA,Al Bayan,15.03,29.3
AL-MUANISIYAH,KHASHM AL ANN,15.06,29.4
AN-NADHEEM,AR-RAWDAH,15.06,29.4
AL-MUANISIYAH,AR-RAWABI,15.08,29.4
AN-NADHEEM,QURTUBAH,15.14,29.5
Al Bayan,KING FAISAL,15.15,29.5
AL-QUDS,AN-NADHEEM,15.2,29.6
AL-JANADRIYAH,AR-RAWDAH,15.25,29.7
Al Mashriq,Al Ola,15.55,30.3
AR-RAWDAH,AR-RIMAL,15.58,30.4
Al Bayan,EAST AN-NASEEM,15.6,30.4
AN-NADHEEM,ASH-SHOHDA,15.7,30.6
AR-RIMAL,WEST AN-NASEEM,15.78,30.8
AL-MANAR,AR-RIMAL,15.94,31.1
AN-NADHEEM,AR-RAYAN,15.95,31.1
ASH-SHOHDA,Al Bayan,16.17,31.5
KHASHM AL ANN,QURTUBAH,16.33,31.8
AL-JANADRIYAH,AR-RAYAN,16.55,32.3
AL-ANDALUS,Al Bayan,16.57,32.3
AN-NADHEEM,AR-RAWABI,16.73,32.6
AR-RIMAL,KHASHM AL ANN,17.19,33.5
Al Bayan,WEST AN-NASEEM,17.23,33.6
AL-JANADRIYAH,AR-RAWABI,17.53,34.2
AL-QUDS,Al Bayan,17.56,34.2
Al Bayan,KHASHM AL ANN,17.63,34.4
AR-RIMAL,AS-SALAM,17.93,35.0
AR-RAYAN,AR-RIMAL,18.05,35.2
Al Fursan,Al Mashriq,18.13,35.4
AL-MANAR,Al Bayan,18.13,35.4
AR-RAWDAH,Al Bayan,18.65,36.4
AR-RAWABI,AR-RIMAL,19.55,38.1
AS-SALAM,Al Bayan,19.63,38.3
AR-RAYAN,Al Bayan,20.59,40.2
AR-RAWABI,Al Bayan,21.85,42.6
Al Bayan,Al Mashriq,22.0,42.9
AL-JANADRIYAH,Al Mashriq,24.99,48.7
AN-NADHEEM,Al Mashriq,25.78,50.3
AR-RIMAL,Al Mashriq,26.69,52.0
AL- NADWAH,Al Mashriq,28.05,54.7
AL-MAIZALIYAH,Al Mashriq,29.24,57.0
AL-QADISIYAH,Al Mashriq,29.53,57.6
AL-MUANISIYAH,Al Mashriq,32.72,63.8
AL-YARMUK,Al Mashriq,32.98,64.3
Al Mashriq,ISHBILIYAH,33.86,66.0
AL-KHALEEJ,Al Mashriq,34.24,66.8
AN-NAHDAH,Al Mashriq,34.86,68.0
Al Mashriq,EAST AN-NASEEM,35.21,68.7
Al Mashriq,QURTUBAH,35.73,69.7
Al Bayan,Al Ola,35.81,69.8
Al Mashriq,GHIRNATAH,36.1,70.4
Al Mashriq,KHASHM AL ANN,36.25,70.7
Al Mashriq,KING FAISAL,36.88,71.9
AL-HAMRA,Al Mashriq,36.96,72.1
Al Mashriq,WEST AN-NASEEM,37.28,72.7
AL-JANADRIYAH,Al Ola,37.32,72.8
AN-NADHEEM,Al Ola,37.38,72.9
Al Bayan,Al Fursan,37.44,73.0
AL-ANDALUS,Al Mashriq,37.81,73.7
ASH-SHOHDA,Al Mashriq,38.16,74.4
AN-NADHEEM,Al Fursan,38.4,74.9
AL-JANADRIYAH,Al Fursan,38.52,75.1
AL-MANAR,Al Mashriq,38.88,75.8
AL-QUDS,Al Mashriq,39.41,76.8
AL- NADWAH,Al Ola,39.5,77.0
AS-SALAM,Al Mashriq,39.72,77.5
AR-RAWDAH,Al Mashriq,40.13,78.3
AL- NADWAH,Al Fursan,40.44,78.9
AR-RIMAL,Al Ola,40.89,79.7
AR-RAYAN,Al Mashriq,41.54,81.0
AL-MAIZALIYAH,Al Ola,41.56,81.0
AR-RAWABI,Al Mashriq,42.46,82.8
AR-RIMAL,Al Fursan,42.59,83.1
AL-QADISIYAH,Al Ola,42.69,83.2
AL-MAIZALIYAH,Al Fursan,42.7,83.3
AL-QADISIYAH,Al Fursan,44.05,85.9
Al Ola,EAST AN-NASEEM,46.31,90.3
AL-YARMUK,Al Ola,46.4,90.5
AL-MUANISIYAH,Al Ola,46.61,90.9
Al Ola,KHASHM AL ANN,46.61,90.9
AL-KHALEEJ,Al Ola,46.77,91.2
AN-NAHDAH,Al Ola,46.91,91.5
Al Ola,ISHBILIYAH,46.91,91.5
Al Fursan,EAST AN-NASEEM,47.07,91.8
Al Fursan,KHASHM AL ANN,47.19,92.0
AL-YARMUK,Al Fursan,47.81,93.2
AL-KHALEEJ,Al Fursan,47.91,93.4
AN-NAHDAH,Al Fursan,47.92,93.4
AL-MUANISIYAH,Al Fursan,48.17,93.9
Al Fursan,ISHBILIYAH,48.2,94.0
Al Ola,WEST AN-NASEEM,48.49,94.6
Al Fursan,WEST AN-NASEEM,49.26,96.1
Al Ola,KING FAISAL,49.64,96.8
Al Ola,GHIRNATAH,49.7,96.9
Al Ola,QURTUBAH,49.75,97.0
AL-ANDALUS,Al Ola,49.96,97.4
AL-HAMRA,Al Ola,50.09,97.7
AL-MANAR,Al Ola,50.53,98.5
AS-SALAM,Al Ola,50.79,99.0
Al Fursan,KING FAISAL,50.82,99.1
AL-ANDALUS,Al Fursan,50.96,99.4
Al Fursan,GHIRNATAH,51.14,99.7
Al Fursan,QURTUBAH,51.33,100.1
AL-HAMRA,Al Fursan,51.38,100.2
AL-MANAR,Al Fursan,51.4,100.2
AS-SALAM,Al Fursan,51.5,100.4
ASH-SHOHDA,Al Ola,51.73,100.9
AL-QUDS,Al Ola,52.27,101.9
AR-RAWDAH,Al Ola,52.43,102.2
ASH-SHOHDA,Al Fursan,53.14,103.6
AR-RAYAN,Al Ola,53.22,103.8
AR-RAWDAH,Al Fursan,53.45,104.2
AL-QUDS,Al Fursan,53.46,104.2
AR-RAWABI,Al Ola,53.79,104.9
AR-RAYAN,Al Fursan,54.07,105.4
AR-RAWABI,Al Fursan,54.54,106.4
