اسم_الحي,المنطقة,عدد_خدمات_ترفيهية,عدد_خدمات_تجارية,إجمالي_الخدمات
TWAEEQ,الغرب,0,84,84
AL-MALQA,الشمال,4,78,82
AL-AQEEK,الشمال,1,77,78
AS-SAHAFA,الشمال,1,74,75
AL-OLAYA,الوسط,2,72,74
AL-MALAZ,الوسط,0,68,68
DAHRAT LABAN,الغرب,0,61,61
AL-YASMEEN,الشمال,2,54,56
AN-NAFEL,الشمال,3,49,52
WEST AN-NASEEM,الشرق,0,51,51
AL-AZIZIYAH,الجنوب,0,50,50
AN-NARJIS,الشمال,0,49,49
AR-RABI,الشمال,3,45,48
BADER,الجنوب,0,46,46
AL-MUROOJ,الوسط,1,44,45
AS-SULAIMANYAH,الوسط,0,44,44
AR-RIMAL,الشرق,2,39,41
EAST AN-NASEEM,الشرق,2,38,40
HITTEEN,الشمال,3,36,39
MUGHARAZAT,الوسط,3,35,38
AL-ARID,الشمال,0,38,38
AL-FALAH,الشمال,1,34,35
WEST AL-ORAIJA,الغرب,1,33,34
AL-NUZHA,الوسط,1,33,34
AL-WADI,الشمال,0,34,34
AL-MUANISIYAH,الشرق,2,31,33
AD-DOBBAT,الوسط,0,33,33
AD-DAR AL- BAIDA,الجنوب,0,32,32
AL-YARMUK,الشرق,0,32,32
AT-TAAWUN,الوسط,2,28,30
AN-NAHDAH,الشرق,0,30,30
AL-KHALEEJ,الشرق,0,30,30
AL-GHADEER,الشمال,3,25,28
AL-QAIRAWAN,الشمال,2,26,28
AL-EZDIHAR,الوسط,0,27,27
AR-RABWAH,الوسط,5,21,26
AL-MASEEF,الوسط,0,26,26
ASH-SHIFA,الجنوب,0,24,24
MIDDLE AL-URAIJA,الغرب,0,23,23
AS-SULAI,الجنوب,0,23,23
AS-SUWAIDI,الغرب,1,22,23
AN-NADHEEM,الشرق,0,22,22
AR-RAWDAH,الشرق,1,20,21
AS-SAADAH,الجنوب,0,21,21
AN-NADA,الشمال,1,20,21
AL-Awaly,الغرب,0,20,20
AL-HAZM,الغرب,0,20,20
SHUBRA,الغرب,0,19,19
AL-MURABA,الوسط,1,18,19
QURTUBAH,الشرق,0,18,18
KING FAHD,الوسط,2,16,18
AL-WOROUD,الوسط,0,18,18
KING FAISAL,الشرق,3,15,18
AL-WIZARAT,الوسط,0,18,18
AL-AMAL,الوسط,0,18,18
AL-JANADRIYAH,الشرق,0,18,18
AR-RAWABI,الشرق,0,18,18
AL-FARUQ,الوسط,0,17,17
AL-MANSURAH ( KHANSHALILAH ),الوسط,0,16,16
AL-HAMRA,الشرق,1,15,16
ASH-SHOHDA,الشرق,3,12,15
AL-MARWAH,الجنوب,0,15,15
KING ABDUL AZIZ,الوسط,1,14,15
AS-SALAM,الشرق,0,15,15
DAHRAT AL-BADEAH,الغرب,0,15,15
AS-SUWAIDI AL-GHARBI,الغرب,1,13,14
AL-MASANI,الجنوب,0,14,14
AL-ANDALUS,الشرق,1,13,14
AL-FAIHA,الجنوب,0,13,13
WEST UMM AL HAMAM,الوسط,0,13,13
AL-MURSALAT,الوسط,0,13,13
AL-QUDS,الشرق,1,12,13
ISHBILIYAH,الشرق,0,13,13
AZ-ZAHRA,الغرب,0,12,12
SALAH AD DEEN,الوسط,0,12,12
AL- NADWAH,الشرق,0,11,11
AR-RAYAN,الشرق,1,10,11
UTAYQAH,الوسط,0,11,11
NAMAR,الغرب,0,11,11
AL-MANAR,الشرق,0,10,10
JAREER,الوسط,0,10,10
AL-NAKHEEL,الوسط,1,8,9
AL-QADISIYAH,الشرق,0,9,9
AL-KHALIDIAH,الوسط,0,9,9
OKAZ,الجنوب,0,9,9
AL-BADEAH,الوسط,0,9,9
MANFUHA,الوسط,0,8,8
DIRAB,الغرب,0,8,8
GHUBAIRA,الوسط,0,8,8
NORTH AL-MATHAR,الوسط,1,7,8
AN-NOOR,الجنوب,0,8,8
AL-JAZEERAH,الجنوب,0,7,7
AL-FAISALIYAH,الوسط,0,7,7
AS-SINAIYAH,الوسط,0,7,7
ASH-SHOMAISI,الوسط,0,7,7
SULTANAH,الغرب,0,7,7
UMM-SALEEM,الوسط,0,7,7
KING KHALID INT.AIRPORT,الشمال,2,5,7
GHIRNATAH,الشرق,0,7,7
AZ-ZAHRAA,الوسط,0,7,7
NEW INDUSTRIAL CITY,الجنوب,0,7,7
AL-FUTAH,الوسط,0,6,6
Al Bayan,الشرق,0,6,6
IRQAH,الغرب,0,6,6
DAHIAT NAMAR,الغرب,0,6,6
AL-WAHAH,الوسط,1,5,6
AR-RAED,الوسط,0,6,6
AL-AOUD,الوسط,0,6,6
AL-MISFAH,الجنوب,0,5,5
OLAISHAH,الوسط,0,5,5
AL-MUHAMMADIYAH,الوسط,1,4,5
LABAN,الغرب,0,5,5
AL-MANAKH,الجنوب,0,5,5
AL-HAIER,الجنوب,0,5,5
AD-DIRAH,الوسط,0,4,4
AL-HADA,الوسط,0,4,4
AL-MASHAEL,الجنوب,0,4,4
BINBAN,الشمال,0,4,4
JABRAH,الوسط,0,4,4
KING ABDULLAH,الوسط,0,4,4
AL-MUTAMARAT,الوسط,0,4,4
MANFUHA AL-JADEEDAH,الوسط,0,4,4
AR-RAFEAH,الوسط,0,4,4
AL-MATHAR,الوسط,1,3,4
ASH-SHARAFIYAH,الوسط,0,3,3
AL-MARGAB,الوسط,0,3,3
AL-YAMAMAH,الوسط,0,3,3
AD-DURAIHEMIYAH,الغرب,0,3,3
AL-GHANAMIYAH,الجنوب,0,3,3
DAHRAT-AL-ODAH-SHARQ-AD DIRIYAH,الدرعية,0,3,3
THULAIM,الوسط,0,3,3
KING SAUD UNIVERSITY,الوسط,0,3,3
OHOD,الجنوب,0,3,3
AS-SAFA,الوسط,0,3,3
EAST UMM AL-HAMAM,الوسط,0,3,3
AN-NASIRIYAH,الوسط,0,3,3
AL-MAIZALIYAH,الشرق,0,3,3
AN-NAMUTHAJIYAH,الوسط,0,3,3
AS-SAFARAT,الوسط,0,3,3
TAYBAH,الجنوب,0,2,2
AL-MAHDIYAH,الغرب,0,2,2
AL-ASEMAH-AD DIRIYAH,الدرعية,0,2,2
AL-FAISALIYAH-AD DIRIYAH,الدرعية,0,2,2
AS-SALHIYAH,الوسط,0,2,2
AR-RAHMANIYAH,الوسط,0,2,2
AL-WISHAM,الوسط,0,2,2
AL-BARIYAH,الجنوب,0,2,2
AL-FAKHIRIYAH,الوسط,0,2,2
AL-BADEAH,الغرب,0,2,2
KHASHM AL ANN,الشرق,0,2,2
Al Mashriq,الشرق,0,2,2
AL-JARRADIYAH,الوسط,0,1,1
AL-BOTAIHA,الوسط,0,1,1
AD-DIFAA,الجنوب,0,1,1
AL-ISKAN,الجنوب,0,1,1
AL-AMAJIYAH,الجنوب,0,1,1
AL-WESITA,الوسط,0,1,1
AL-URAIJA,الغرب,0,1,1
DAHRAT-AL-ODAH-GHARB-AD DIRIYAH,الدرعية,0,1,1
Al Fursan,الشرق,0,1,1
Al Ola,الشرق,0,1,1
HEET,الجنوب,0,1,1
MEEKAL,الوسط,0,1,1
SKIRINAH,الوسط,0,1,1
SIYAH,الوسط,0,1,1
